时间,参考温度,EDFA电流,EDFA温度,EDFA功率,'-2V5,3V3,1V2,1V8,sys_mon,APD1偏压,APD2偏压,APD温度,APD1设置,APD2设置
14:49:21,33.090000,377,1251,2485,2499,1607,1194,1884,2499,411,413,38.990000,2421,2516,
14:49:24,33.090000,377,1251,2485,2499,1606,1195,1888,2499,413,411,38.990000,2421,2516,
14:49:25,33.110000,377,1251,2481,2499,1605,1194,1884,2499,411,414,38.990000,2421,2516,
14:49:28,33.090000,377,1251,2482,2499,1610,1193,1886,2499,411,411,39.020000,2421,2516,
14:49:29,33.110000,377,1250,2484,2499,1607,1193,1884,2499,411,409,38.990000,2421,2516,
14:49:32,33.110000,377,1251,2484,2499,1607,1193,1883,2499,411,411,38.990000,2421,2516,
14:49:33,33.110000,377,1251,2484,2499,1607,1194,1887,2499,411,412,38.990000,2421,2516,
14:49:36,33.090000,377,1251,2484,2499,1609,1193,1886,2499,410,412,38.990000,2421,2516,
14:49:37,33.110000,377,1251,2485,2499,1606,1193,1885,2499,411,411,38.990000,2421,2516,
14:49:40,33.090000,377,1251,2484,2499,1607,1195,1889,2499,412,413,38.960000,2421,2516,
14:49:42,33.090000,377,1250,2483,2499,1606,1193,1888,2499,410,410,38.990000,2421,2516,
14:49:44,33.110000,377,1250,2484,2499,1609,1195,1887,2499,411,413,38.960000,2421,2516,
14:49:46,33.110000,377,1250,2484,2499,1605,1192,1886,2499,410,411,38.990000,2421,2516,
14:49:48,33.110000,377,1250,2484,2499,1610,1194,1885,2499,411,411,38.990000,2421,2516,
14:49:50,33.110000,377,1251,2482,2499,1609,1194,1886,2499,409,412,38.990000,2421,2516,
14:49:52,33.090000,377,1251,2484,2499,1605,1193,1882,2499,412,412,38.990000,2421,2516,
14:49:54,33.140000,378,1250,2485,2499,1605,1193,1885,2499,411,411,38.990000,2421,2516,
14:49:56,33.110000,378,1251,2480,2499,1605,1195,1882,2499,411,411,38.990000,2421,2516,
14:49:58,33.110000,377,1251,2482,2499,1609,1195,1883,2499,410,411,38.990000,2421,2516,
14:50:00,33.110000,377,1251,2483,2499,1605,1193,1883,2499,410,411,38.960000,2421,2516,
14:50:02,33.110000,377,1250,2482,2499,1607,1195,1884,2499,411,411,38.990000,2421,2516,
14:50:04,33.110000,377,1251,2481,2499,1609,1194,1883,2499,410,413,38.990000,2421,2516,
14:50:06,33.070000,377,1251,2482,2499,1604,1193,1885,2499,411,411,38.990000,2421,2516,
14:50:08,33.090000,378,1251,2481,2499,1607,1193,1884,2499,411,410,38.990000,2421,2516,
14:50:10,33.090000,377,1251,2480,2499,1604,1194,1886,2499,411,411,39.020000,2418,2513,
14:50:13,33.110000,377,1251,2481,2499,1607,1194,1885,2499,411,411,39.020000,2418,2513,
14:50:14,33.110000,377,1250,2483,2499,1606,1193,1886,2499,411,411,39.020000,2418,2513,
14:50:17,33.110000,377,1250,2481,2499,1607,1195,1885,2499,411,411,39.020000,2418,2513,
14:50:18,33.090000,377,1251,2479,2499,1607,1195,1884,2499,410,413,39.040000,2418,2513,
14:50:21,33.090000,377,1251,2481,2499,1608,1195,1884,2499,411,413,39.040000,2418,2513,
14:50:22,33.110000,377,1251,2479,2499,1607,1194,1884,2499,411,412,39.070000,2418,2513,
14:50:25,33.110000,377,1251,2478,2499,1605,1195,1885,2499,411,410,39.070000,2418,2513,
14:50:26,33.110000,377,1251,2479,2499,1605,1193,1884,2499,411,411,39.040000,2418,2513,
14:50:29,33.110000,377,1251,2479,2499,1605,1192,1882,2499,411,411,39.040000,2418,2513,
14:50:30,33.140000,377,1251,2480,2499,1609,1194,1886,2499,412,411,39.040000,2418,2513,
14:50:33,33.110000,377,1251,2479,2499,1608,1195,1885,2499,411,411,39.070000,2418,2513,
14:50:35,33.110000,377,1251,2482,2499,1604,1193,1885,2499,411,413,39.070000,2418,2513,
14:50:37,33.140000,377,1251,2479,2499,1608,1194,1882,2499,410,413,39.070000,2418,2513,
14:50:39,33.140000,377,1251,2481,2499,1604,1193,1884,2499,410,412,39.100000,2418,2513,
14:50:41,33.140000,377,1251,2478,2499,1605,1194,1885,2499,411,411,39.100000,2418,2513,
14:50:43,33.110000,377,1251,2478,2499,1604,1193,1886,2499,410,411,39.100000,2418,2513,
14:50:45,33.140000,377,1251,2479,2499,1608,1194,1887,2499,411,411,39.120000,2418,2513,
14:50:47,33.140000,377,1250,2482,2499,1610,1194,1885,2499,411,411,39.150000,2418,2513,
14:50:49,33.160000,377,1251,2483,2499,1605,1193,1885,2499,411,411,39.180000,2418,2513,
14:50:51,33.160000,377,1251,2474,2499,1605,1194,1882,2499,410,412,39.180000,2418,2513,
14:50:53,33.160000,377,1251,2474,2499,1605,1194,1886,2499,411,413,39.180000,2414,2509,
14:50:55,33.160000,377,1250,2474,2499,1605,1193,1887,2499,411,411,39.180000,2414,2509,
14:50:57,33.160000,377,1251,2472,2499,1607,1194,1883,2499,412,413,39.180000,2414,2509,
14:50:59,33.190000,377,1250,2474,2499,1606,1193,1884,2499,411,410,39.200000,2414,2509,
14:51:01,33.160000,377,1251,2476,2499,1607,1194,1882,2499,411,411,39.200000,2414,2509,
14:51:03,33.210000,377,1251,2474,2499,1606,1193,1883,2499,411,413,39.230000,2414,2509,
14:51:06,33.210000,377,1251,2470,2499,1604,1194,1884,2499,411,412,39.230000,2414,2509,
14:51:07,33.210000,378,1251,2469,2499,1605,1194,1884,2499,411,411,39.250000,2414,2509,
14:51:10,33.230000,377,1251,2471,2499,1610,1193,1884,2499,411,412,39.250000,2414,2509,
14:51:11,33.230000,377,1251,2471,2499,1607,1195,1886,2499,410,413,39.250000,2414,2509,
14:51:14,33.210000,377,1251,2468,2499,1608,1193,1882,2499,410,413,39.280000,2414,2509,
14:51:15,33.230000,377,1251,2468,2499,1608,1194,1889,2499,411,411,39.310000,2414,2509,
14:51:18,33.210000,378,1251,2470,2499,1609,1194,1885,2499,410,412,39.330000,2414,2509,
14:51:19,33.260000,377,1251,2470,2499,1605,1193,1887,2499,410,411,39.310000,2414,2509,
14:51:22,33.230000,377,1251,2466,2499,1605,1194,1885,2499,410,413,39.310000,2411,2506,
14:51:24,33.260000,377,1251,2467,2499,1610,1195,1885,2499,411,411,39.330000,2411,2506,
14:51:26,33.260000,377,1251,2464,2499,1608,1194,1885,2499,413,411,39.330000,2411,2506,
14:51:28,33.260000,377,1251,2462,2499,1606,1195,1885,2499,412,411,39.330000,2411,2506,
14:51:30,33.260000,377,1251,2463,2499,1603,1194,1887,2499,411,411,39.360000,2411,2506,
14:51:32,33.280000,377,1251,2466,2499,1607,1193,1887,2499,412,412,39.390000,2411,2506,
14:51:34,33.280000,377,1251,2462,2499,1602,1194,1886,2499,411,410,39.410000,2411,2506,
14:51:36,33.280000,377,1250,2463,2499,1606,1193,1885,2499,411,411,39.410000,2411,2506,
14:51:38,33.280000,377,1251,2460,2499,1605,1191,1885,2499,411,412,39.410000,2411,2506,
14:51:40,33.310000,377,1251,2459,2499,1604,1194,1883,2499,409,411,39.440000,2411,2506,
14:51:42,33.280000,377,1251,2457,2499,1602,1194,1887,2499,411,411,39.470000,2411,2506,
14:51:44,33.310000,377,1250,2456,2499,1605,1193,1882,2499,412,413,39.470000,2411,2506,
14:51:46,33.310000,377,1251,2456,2499,1604,1194,1885,2499,411,413,39.470000,2411,2506,
14:51:48,33.310000,377,1251,2451,2499,1607,1194,1885,2499,411,413,39.440000,2411,2506,
14:51:50,33.330000,377,1251,2452,2499,1605,1192,1884,2499,410,412,39.490000,2411,2506,
14:51:52,33.330000,377,1250,2449,2499,1607,1194,1887,2499,413,411,39.520000,2411,2506,
14:51:54,33.330000,377,1251,2450,2499,1604,1193,1887,2499,411,413,39.520000,2408,2503,
14:51:56,33.330000,377,1251,2449,2499,1608,1195,1883,2499,411,413,39.550000,2408,2503,
14:51:59,33.330000,377,1251,2448,2499,1607,1193,1886,2499,410,411,39.550000,2408,2503,
14:52:00,33.350000,377,1251,2451,2499,1607,1193,1883,2499,411,411,39.550000,2408,2503,
14:52:03,33.350000,377,1251,2450,2499,1607,1193,1884,2499,413,411,39.550000,2408,2503,
14:52:04,33.350000,377,1251,2449,2499,1605,1194,1885,2499,411,413,39.570000,2408,2503,
14:52:07,33.350000,377,1251,2446,2499,1607,1195,1886,2499,409,411,39.600000,2408,2503,
14:52:08,33.380000,377,1251,2445,2499,1605,1192,1885,2499,411,411,39.600000,2408,2503,
14:52:11,33.350000,377,1251,2443,2499,1605,1195,1884,2499,411,412,39.570000,2408,2503,
14:52:12,33.400000,377,1251,2446,2499,1608,1194,1885,2499,412,413,39.600000,2408,2503,
14:52:15,33.400000,377,1251,2445,2499,1604,1194,1884,2499,410,412,39.630000,2408,2503,
14:52:17,33.400000,377,1251,2446,2499,1606,1195,1887,2499,412,412,39.600000,2408,2503,
14:52:19,33.400000,377,1251,2443,2499,1608,1193,1883,2499,411,414,39.630000,2408,2503,
14:52:21,33.430000,377,1251,2440,2499,1608,1194,1885,2499,410,412,39.630000,2408,2503,
14:52:23,33.380000,377,1251,2439,2499,1606,1194,1884,2499,410,413,39.650000,2408,2503,
14:52:25,33.430000,377,1250,2435,2499,1607,1194,1887,2499,411,411,39.650000,2404,2500,
14:52:27,33.430000,377,1251,2438,2499,1605,1193,1883,2499,411,411,39.680000,2404,2500,
14:52:29,33.430000,377,1251,2435,2499,1605,1193,1887,2499,411,413,39.700000,2404,2500,
14:52:31,33.450000,377,1251,2435,2499,1608,1196,1884,2499,411,412,39.730000,2404,2500,
14:52:33,33.430000,377,1251,2435,2499,1603,1192,1884,2499,411,411,39.730000,2404,2500,
14:52:35,33.450000,377,1251,2434,2499,1602,1195,1885,2499,411,413,39.760000,2404,2500,
14:52:37,33.450000,377,1251,2433,2499,1605,1194,1885,2499,412,411,39.760000,2404,2500,
14:52:39,33.450000,377,1251,2429,2499,1604,1194,1885,2499,413,412,39.780000,2404,2500,
14:52:41,33.470000,377,1251,2432,2499,1604,1195,1885,2499,413,412,39.780000,2404,2500,
14:52:43,33.470000,377,1251,2433,2499,1606,1194,1884,2499,411,412,39.810000,2404,2500,
14:52:45,33.470000,377,1251,2429,2499,1603,1195,1884,2499,410,413,39.840000,2401,2496,
14:52:47,33.470000,377,1251,2427,2499,1608,1194,1889,2499,412,411,39.860000,2401,2496,
14:52:49,33.500000,377,1251,2429,2499,1607,1193,1884,2499,413,413,39.890000,2401,2496,
14:52:52,33.500000,377,1251,2426,2499,1604,1193,1885,2499,411,413,39.890000,2401,2496,
14:52:53,33.520000,377,1251,2423,2499,1605,1193,1883,2499,411,413,39.950000,2401,2496,
14:52:56,33.520000,377,1251,2420,2499,1607,1193,1884,2499,411,411,39.920000,2401,2496,
14:52:57,33.520000,377,1251,2423,2499,1603,1193,1884,2499,411,412,39.950000,2401,2496,
14:53:00,33.520000,377,1251,2423,2499,1608,1194,1884,2499,413,413,39.950000,2401,2496,
14:53:01,33.500000,377,1251,2424,2499,1605,1193,1883,2499,412,411,39.970000,2401,2496,
14:53:04,33.520000,377,1251,2416,2499,1606,1195,1885,2499,411,413,40.000000,2398,2493,
14:53:05,33.550000,377,1251,2415,2499,1602,1194,1883,2499,411,413,40.030000,2398,2493,
14:53:08,33.550000,377,1251,2415,2499,1607,1193,1884,2499,411,413,40.050000,2398,2493,
14:53:10,33.570000,377,1251,2418,2499,1605,1193,1884,2499,411,412,40.050000,2398,2493,
14:53:12,33.570000,377,1251,2415,2499,1608,1195,1884,2499,411,414,40.080000,2398,2493,
14:53:14,33.590000,377,1251,2413,2499,1607,1195,1885,2499,411,413,40.130000,2398,2493,
14:53:16,33.620000,377,1251,2410,2499,1606,1195,1886,2499,411,413,40.160000,2398,2493,
14:53:18,33.570000,377,1251,2408,2499,1604,1195,1882,2499,411,413,40.160000,2398,2493,
14:53:20,33.620000,377,1251,2411,2499,1604,1192,1884,2499,411,413,40.210000,2395,2490,
14:53:22,33.620000,377,1251,2408,2499,1604,1194,1888,2499,413,412,40.210000,2395,2490,
14:53:24,33.640000,377,1251,2411,2499,1604,1192,1887,2499,411,413,40.210000,2395,2490,
14:53:26,33.640000,377,1251,2402,2499,1607,1194,1889,2499,413,411,40.270000,2395,2490,
14:53:28,33.670000,377,1251,2402,2499,1605,1192,1884,2499,411,412,40.290000,2395,2490,
14:53:30,33.670000,377,1251,2401,2499,1607,1193,1885,2499,411,411,40.320000,2395,2490,
14:53:32,33.670000,377,1251,2399,2499,1605,1194,1886,2499,411,413,40.350000,2395,2490,
14:53:34,33.690000,377,1251,2397,2499,1608,1196,1887,2499,412,413,40.370000,2391,2486,
14:53:36,33.710000,377,1251,2395,2499,1608,1193,1885,2499,411,412,40.400000,2391,2486,
14:53:38,33.690000,377,1251,2393,2499,1606,1193,1887,2499,411,414,40.400000,2391,2486,
14:53:40,33.710000,377,1251,2391,2499,1604,1193,1884,2499,413,412,40.430000,2391,2486,
14:53:42,33.740000,377,1251,2394,2499,1602,1193,1887,2499,411,413,40.430000,2391,2486,
14:53:45,33.740000,377,1251,2392,2499,1606,1195,1884,2499,413,414,40.480000,2391,2486,
14:53:46,33.790000,377,1251,2390,2499,1609,1193,1885,2499,413,414,40.510000,2391,2486,
14:53:49,33.760000,377,1251,2389,2499,1605,1193,1884,2499,412,413,40.510000,2388,2483,
14:53:50,33.790000,377,1251,2390,2499,1604,1195,1885,2499,411,414,40.560000,2388,2483,
14:53:53,33.810000,377,1251,2388,2499,1604,1195,1885,2499,413,414,40.590000,2388,2483,
14:53:54,33.810000,377,1251,2381,2499,1603,1193,1885,2499,412,414,40.620000,2388,2483,
14:53:57,33.810000,377,1251,2380,2499,1607,1193,1887,2499,411,413,40.640000,2388,2483,
14:53:58,33.840000,377,1251,2378,2499,1604,1193,1886,2499,411,411,40.700000,2388,2483,
14:54:01,33.840000,377,1251,2377,2499,1607,1195,1885,2499,411,413,40.700000,2385,2480,
14:54:03,33.860000,377,1251,2374,2499,1603,1193,1887,2499,412,414,40.730000,2385,2480,
14:54:05,33.860000,377,1251,2379,2499,1610,1193,1884,2499,411,413,40.750000,2385,2480,
14:54:07,33.880000,377,1251,2369,2499,1606,1195,1887,2499,412,413,40.780000,2385,2480,
14:54:09,33.910000,377,1251,2371,2499,1608,1195,1887,2499,413,413,40.840000,2385,2480,
14:54:11,33.910000,377,1251,2368,2499,1605,1194,1885,2499,413,414,40.840000,2382,2477,
14:54:13,33.930000,377,1250,2367,2499,1605,1195,1885,2499,413,413,40.890000,2382,2477,
14:54:15,33.960000,377,1251,2365,2499,1602,1195,1885,2499,412,414,40.920000,2382,2477,
14:54:17,33.960000,377,1251,2362,2499,1605,1194,1886,2499,413,413,40.940000,2382,2477,
14:54:19,33.980000,377,1251,2360,2499,1603,1195,1885,2499,413,413,40.970000,2382,2477,
14:54:21,33.980000,377,1251,2362,2499,1603,1194,1884,2499,413,413,41.030000,2378,2473,
14:54:23,34.000000,377,1251,2359,2499,1607,1193,1885,2499,414,413,41.030000,2378,2473,
14:54:25,34.000000,377,1251,2354,2499,1605,1194,1885,2499,413,413,41.080000,2378,2473,
14:54:27,34.030000,378,1251,2354,2499,1607,1195,1887,2499,412,414,41.110000,2378,2473,
14:54:29,34.030000,377,1251,2350,2499,1603,1193,1885,2499,413,413,41.160000,2378,2473,
14:54:31,34.080000,377,1251,2347,2499,1603,1193,1884,2499,413,413,41.160000,2375,2470,
14:54:33,34.080000,377,1251,2345,2499,1605,1193,1882,2499,414,414,41.190000,2375,2470,
14:54:35,34.100000,377,1251,2342,2499,1605,1193,1887,2499,413,413,41.240000,2375,2470,
14:54:38,34.100000,377,1251,2345,2499,1603,1193,1882,2499,413,413,41.300000,2375,2470,
14:54:39,34.130000,377,1251,2340,2499,1604,1193,1884,2499,413,413,41.330000,2375,2470,
14:54:42,34.130000,377,1251,2336,2499,1606,1193,1887,2499,413,414,41.350000,2375,2470,
14:54:43,34.150000,377,1251,2337,2499,1605,1194,1884,2499,413,414,41.380000,2372,2467,
14:54:46,34.150000,377,1251,2333,2499,1605,1193,1886,2499,413,415,41.440000,2372,2467,
14:54:47,34.170000,377,1251,2333,2499,1604,1193,1884,2499,413,414,41.460000,2372,2467,
14:54:50,34.200000,377,1251,2330,2499,1603,1194,1884,2499,413,413,41.490000,2372,2467,
14:54:51,34.220000,377,1251,2326,2499,1608,1193,1890,2499,414,415,41.490000,2372,2467,
14:54:54,34.250000,377,1251,2326,2499,1604,1193,1883,2499,413,415,41.550000,2368,2464,
14:54:56,34.250000,377,1251,2320,2499,1607,1194,1884,2499,413,414,41.570000,2368,2464,
14:54:58,34.270000,377,1251,2319,2499,1606,1192,1883,2499,415,415,41.630000,2368,2464,
14:55:00,34.300000,377,1251,2316,2499,1605,1193,1887,2499,412,413,41.690000,2368,2464,
14:55:02,34.320000,377,1251,2316,2499,1605,1194,1887,2499,415,415,41.710000,2365,2460,
14:55:04,34.320000,377,1251,2313,2499,1604,1194,1886,2499,414,413,41.740000,2365,2460,
14:55:06,34.370000,377,1251,2307,2499,1605,1195,1884,2499,416,415,41.770000,2365,2460,
14:55:08,34.370000,378,1251,2307,2499,1603,1193,1884,2499,413,415,41.800000,2365,2460,
14:55:10,34.390000,378,1251,2304,2499,1608,1193,1885,2499,412,413,41.850000,2365,2460,
14:55:12,34.420000,378,1251,2304,2499,1607,1193,1884,2499,415,413,41.880000,2362,2457,
14:55:14,34.440000,377,1251,2301,2499,1608,1193,1885,2499,413,415,41.930000,2362,2457,
14:55:16,34.440000,377,1251,2301,2499,1604,1194,1885,2499,415,416,41.960000,2362,2457,
14:55:18,34.470000,377,1251,2295,2499,1604,1192,1884,2499,413,416,42.020000,2359,2454,
14:55:20,34.490000,377,1251,2294,2499,1605,1193,1887,2499,414,416,42.070000,2359,2454,
14:55:22,34.520000,377,1251,2295,2499,1604,1195,1886,2499,415,416,42.130000,2359,2454,
14:55:24,34.540000,377,1251,2288,2499,1602,1194,1884,2499,414,415,42.130000,2359,2454,
14:55:26,34.540000,377,1251,2285,2499,1603,1193,1885,2499,413,415,42.190000,2355,2450,
14:55:28,34.590000,377,1251,2283,2499,1602,1194,1887,2499,413,415,42.240000,2355,2450,
14:55:31,34.590000,377,1251,2283,2499,1604,1194,1884,2499,415,415,42.300000,2355,2450,
14:55:32,34.610000,377,1251,2283,2499,1605,1193,1885,2499,415,413,42.300000,2355,2450,
14:55:35,34.640000,377,1251,2275,2499,1604,1192,1885,2499,414,415,42.350000,2352,2447,
14:55:36,34.640000,377,1251,2275,2499,1604,1193,1885,2499,413,415,42.410000,2352,2447,
14:55:39,34.690000,377,1251,2294,2499,1606,1193,1886,2499,414,415,42.440000,2352,2447,
14:55:40,34.690000,377,1251,2298,2499,1606,1195,1885,2499,415,415,42.490000,2352,2447,
14:55:43,34.710000,377,1251,2286,2499,1608,1194,1886,2499,413,413,42.550000,2349,2444,
14:55:44,34.740000,377,1251,2291,2499,1607,1193,1885,2499,413,414,42.580000,2349,2444,
14:55:47,34.760000,377,1251,2284,2499,1606,1194,1885,2499,415,416,42.630000,2349,2444,
14:55:49,34.780000,377,1251,2258,2499,1604,1195,1885,2499,414,415,42.690000,2345,2441,
14:55:51,34.780000,377,1251,2276,2499,1604,1193,1884,2499,415,416,42.720000,2345,2441,
14:55:53,34.810000,377,1251,2279,2499,1604,1194,1885,2499,414,415,42.750000,2345,2441,
14:55:55,34.860000,377,1251,2270,2499,1608,1195,1885,2499,415,414,42.800000,2345,2441,
14:55:57,34.880000,377,1251,2269,2499,1604,1192,1886,2499,415,415,42.830000,2342,2437,
14:55:59,34.880000,377,1251,2260,2499,1604,1193,1886,2499,413,416,42.920000,2342,2437,
14:56:01,34.930000,377,1251,2266,2499,1605,1193,1888,2499,414,416,42.950000,2342,2437,
14:56:03,34.930000,377,1251,2250,2499,1603,1193,1884,2499,415,418,42.970000,2342,2437,
14:56:05,34.960000,377,1251,2259,2499,1607,1193,1882,2499,414,415,43.030000,2339,2434,
14:56:07,34.980000,377,1251,2253,2499,1603,1193,1887,2499,415,415,43.090000,2339,2434,
14:56:09,35.010000,377,1251,2257,2499,1603,1195,1883,2499,416,416,43.120000,2339,2434,
14:56:11,35.030000,377,1251,2243,2499,1605,1192,1884,2499,415,417,43.200000,2339,2434,
14:56:13,35.080000,377,1251,2247,2499,1604,1192,1885,2499,413,416,43.200000,2336,2431,
14:56:15,35.080000,377,1251,2245,2499,1606,1193,1885,2499,415,415,43.260000,2336,2431,
14:56:17,35.130000,377,1251,2238,2499,1602,1193,1885,2499,416,418,43.320000,2336,2431,
14:56:19,35.150000,377,1251,2235,2499,1605,1194,1882,2499,414,416,43.370000,2332,2427,
14:56:21,35.180000,377,1251,2233,2499,1607,1193,1884,2499,415,416,43.430000,2332,2427,
14:56:24,35.180000,378,1251,2230,2499,1602,1192,1884,2499,416,418,43.490000,2332,2427,
14:56:25,35.200000,377,1251,2238,2499,1603,1193,1885,2499,415,416,43.520000,2332,2427,
14:56:28,35.230000,377,1251,2225,2499,1606,1195,1883,2499,413,417,43.570000,2329,2424,
14:56:29,35.250000,377,1251,2223,2499,1605,1195,1883,2499,415,418,43.600000,2329,2424,
14:56:32,35.280000,377,1251,2214,2499,1607,1195,1884,2499,416,418,43.690000,2329,2424,
14:56:33,35.300000,376,1251,2214,2499,1605,1195,1885,2499,416,416,43.690000,2326,2421,
14:56:36,35.350000,377,1251,2210,2499,1604,1193,1884,2499,413,416,43.780000,2326,2421,
14:56:37,35.350000,378,1252,2206,2499,1605,1194,1884,2499,415,418,43.800000,2326,2421,
14:56:40,35.370000,377,1251,2199,2499,1601,1194,1887,2499,415,416,43.860000,2322,2418,
14:56:42,35.400000,377,1251,2206,2499,1608,1193,1887,2499,415,419,43.920000,2322,2418,
14:56:44,35.450000,377,1251,2203,2499,1605,1193,1886,2499,416,415,43.980000,2322,2418,
14:56:46,35.450000,377,1251,2200,2499,1607,1192,1887,2499,415,415,44.040000,2319,2414,
14:56:48,35.500000,377,1251,2194,2499,1602,1193,1887,2499,415,417,44.060000,2319,2414,
14:56:50,35.520000,377,1251,2194,2499,1604,1195,1887,2499,415,415,44.120000,2319,2414,
14:56:52,35.550000,377,1251,2202,2499,1607,1195,1884,2499,416,416,44.180000,2316,2411,
14:56:54,35.550000,377,1251,2182,2499,1604,1193,1887,2499,416,419,44.210000,2316,2411,
14:56:56,35.570000,377,1251,2183,2499,1607,1193,1888,2499,415,416,44.270000,2316,2411,
14:56:58,35.620000,377,1251,2172,2499,1607,1193,1883,2499,416,417,44.300000,2316,2411,
14:57:00,35.650000,377,1251,2181,2499,1605,1192,1884,2499,417,418,44.410000,2313,2408,
14:57:02,35.670000,377,1252,2164,2499,1606,1195,1885,2499,416,418,44.440000,2313,2408,
14:57:04,35.720000,377,1251,2174,2499,1606,1193,1884,2499,416,417,44.500000,2309,2404,
14:57:06,35.720000,377,1251,2160,2499,1602,1193,1887,2499,415,416,44.530000,2309,2404,
14:57:08,35.770000,377,1251,2158,2499,1605,1193,1885,2499,415,417,44.620000,2309,2404,
14:57:10,35.800000,377,1251,2163,2499,1607,1194,1884,2499,416,416,44.650000,2309,2404,
14:57:12,35.820000,377,1251,2172,2499,1604,1193,1885,2499,416,418,44.710000,2306,2401,
14:57:14,35.870000,377,1251,2152,2499,1606,1195,1887,2499,415,416,44.770000,2306,2401,
14:57:17,35.870000,377,1251,2147,2499,1603,1193,1882,2499,417,417,44.830000,2306,2401,
14:57:18,35.900000,376,1251,2158,2499,1607,1193,1882,2499,417,416,44.880000,2303,2398,
14:57:21,35.920000,377,1251,2144,2499,1604,1196,1886,2499,416,417,44.940000,2303,2398,
14:57:22,35.970000,377,1251,2144,2499,1606,1193,1885,2499,418,418,45.000000,2299,2395,
14:57:25,36.020000,377,1251,2140,2499,1602,1193,1887,2499,416,417,45.060000,2299,2395,
14:57:26,36.020000,377,1251,2136,2499,1603,1194,1888,2499,416,415,45.120000,2299,2395,
14:57:29,36.050000,377,1251,2148,2499,1604,1193,1888,2499,417,418,45.150000,2299,2395,
14:57:30,36.100000,377,1251,2129,2499,1602,1192,1887,2499,418,418,45.210000,2296,2391,
14:57:33,36.120000,377,1251,2125,2499,1604,1192,1884,2499,417,419,45.300000,2296,2391,
14:57:35,36.150000,377,1251,2130,2499,1602,1193,1886,2499,417,417,45.330000,2293,2388,
14:57:37,36.170000,377,1251,2129,2499,1600,1191,1889,2499,416,418,45.420000,2293,2388,
14:57:39,36.200000,377,1251,2125,2499,1604,1195,1886,2499,416,418,45.450000,2293,2388,
14:57:41,36.250000,377,1251,2122,2499,1603,1195,1888,2499,417,416,45.510000,2290,2385,
14:57:43,36.270000,377,1251,2115,2499,1604,1193,1885,2499,417,419,45.570000,2290,2385,
14:57:45,36.300000,377,1252,2113,2499,1604,1195,1886,2499,418,417,45.660000,2290,2385,
14:57:47,36.320000,377,1251,2125,2499,1604,1195,1888,2499,416,419,45.690000,2286,2382,
14:57:49,36.370000,377,1251,2098,2499,1602,1195,1883,2499,416,418,45.780000,2286,2382,
14:57:51,36.400000,377,1251,2114,2499,1602,1195,1882,2499,417,418,45.810000,2286,2382,
14:57:53,36.420000,377,1251,2097,2499,1602,1193,1886,2499,417,419,45.870000,2283,2378,
14:57:55,36.420000,377,1251,2095,2499,1605,1191,1885,2499,418,419,45.900000,2283,2378,
14:57:57,36.500000,377,1251,2091,2499,1603,1194,1885,2499,417,419,46.020000,2283,2378,
14:57:59,36.520000,377,1251,2096,2499,1600,1191,1884,2499,418,418,46.020000,2280,2375,
14:58:01,36.520000,377,1251,2090,2499,1604,1192,1886,2499,417,418,46.110000,2280,2375,
14:58:03,36.570000,377,1251,2097,2499,1602,1194,1889,2499,418,419,46.170000,2277,2372,
14:58:06,36.620000,377,1251,2073,2499,1602,1193,1885,2499,416,419,46.260000,2277,2372,
14:58:07,36.650000,377,1251,2069,2499,1607,1195,1888,2499,418,419,46.300000,2277,2372,
14:58:10,36.700000,377,1251,2059,2499,1605,1195,1884,2499,417,418,46.360000,2273,2368,
14:58:11,36.750000,377,1251,2061,2499,1604,1193,1888,2499,418,417,46.420000,2273,2368,
14:58:14,36.770000,377,1252,2066,2499,1602,1193,1884,2499,419,418,46.480000,2273,2368,
14:58:15,36.800000,377,1251,2066,2499,1606,1193,1886,2499,418,418,46.570000,2270,2365,
14:58:18,36.830000,377,1251,2053,2499,1605,1195,1884,2499,418,418,46.630000,2270,2365,
14:58:19,36.880000,377,1251,2060,2499,1604,1194,1884,2499,418,419,46.660000,2267,2362,
14:58:22,36.930000,377,1251,2055,2499,1604,1193,1884,2499,418,418,46.750000,2267,2362,
14:58:23,36.950000,377,1251,2048,2499,1601,1195,1884,2499,418,419,46.820000,2267,2362,
14:58:26,37.000000,377,1251,2047,2499,1605,1194,1888,2499,419,418,46.880000,2263,2359,
14:58:28,37.030000,377,1251,2041,2499,1607,1193,1884,2499,418,419,46.940000,2263,2359,
14:58:30,37.100000,377,1251,2042,2499,1602,1195,1885,2499,417,419,47.000000,2263,2359,
14:58:32,37.100000,377,1251,2040,2499,1603,1192,1883,2499,419,421,47.060000,2260,2355,
14:58:34,37.160000,377,1251,2036,2499,1602,1193,1885,2499,421,419,47.130000,2260,2355,
14:58:36,37.180000,377,1251,2029,2499,1602,1192,1887,2499,419,418,47.190000,2257,2352,
14:58:38,37.210000,377,1252,2030,2499,1607,1192,1887,2499,418,419,47.280000,2257,2352,
14:58:40,37.260000,377,1251,2040,2499,1607,1195,1889,2499,418,418,47.310000,2257,2352,
14:58:42,37.310000,377,1251,2016,2499,1604,1193,1884,2499,420,421,47.410000,2254,2349,
14:58:44,37.330000,377,1251,2022,2499,1602,1190,1885,2499,419,420,47.440000,2254,2349,
14:58:46,37.360000,377,1251,2025,2499,1603,1195,1884,2499,419,419,47.530000,2250,2345,
14:58:48,37.410000,377,1251,2009,2499,1605,1194,1887,2499,418,420,47.560000,2250,2345,
14:58:50,37.440000,377,1251,2012,2499,1603,1192,1882,2499,418,422,47.660000,2250,2345,
14:58:52,37.460000,377,1251,2013,2499,1601,1193,1887,2499,419,419,47.690000,2247,2342,
14:58:54,37.490000,377,1251,2006,2499,1603,1193,1883,2499,421,421,47.780000,2247,2342,
14:58:56,37.540000,377,1251,2016,2499,1604,1193,1886,2499,419,421,47.850000,2247,2342,
14:58:59,37.620000,377,1251,2018,2499,1600,1196,1884,2499,418,420,47.910000,2244,2339,
14:59:00,37.640000,377,1251,1990,2499,1604,1194,1884,2499,420,420,48.000000,2244,2339,
14:59:03,37.690000,377,1252,2007,2499,1605,1192,1884,2499,419,419,48.070000,2240,2336,
14:59:04,37.690000,377,1251,1994,2499,1605,1195,1887,2499,418,419,48.130000,2240,2336,
14:59:07,37.770000,377,1251,1988,2499,1606,1196,1885,2499,419,421,48.190000,2237,2332,
14:59:08,37.790000,377,1251,1980,2499,1602,1192,1885,2499,419,419,48.260000,2237,2332,
14:59:11,37.820000,377,1251,1992,2499,1602,1194,1886,2499,421,419,48.320000,2237,2332,
14:59:12,37.870000,377,1251,1974,2499,1603,1194,1884,2499,421,420,48.390000,2234,2329,
14:59:15,37.900000,377,1251,1978,2499,1605,1193,1884,2499,421,422,48.480000,2234,2329,
14:59:16,37.950000,377,1251,1971,2499,1604,1194,1886,2499,419,420,48.510000,2231,2326,
14:59:19,38.000000,377,1251,1972,2499,1600,1194,1885,2499,420,422,48.610000,2231,2326,
14:59:21,38.000000,377,1251,1973,2499,1602,1195,1884,2499,420,421,48.670000,2227,2322,
14:59:23,38.080000,377,1251,1964,2499,1604,1196,1885,2499,420,421,48.770000,2227,2322,
14:59:25,38.130000,377,1251,1979,2499,1602,1195,1889,2499,421,420,48.800000,2227,2322,
14:59:27,38.160000,377,1251,1959,2499,1600,1193,1883,2499,419,421,48.870000,2224,2319,
14:59:29,38.210000,377,1251,1954,2499,1602,1192,1885,2499,420,422,48.930000,2224,2319,
14:59:31,38.260000,377,1251,1951,2499,1605,1193,1889,2499,420,421,49.030000,2221,2316,
14:59:33,38.290000,377,1251,1949,2499,1604,1193,1885,2499,419,422,49.100000,2221,2316,
14:59:35,38.340000,377,1252,1937,2499,1604,1193,1887,2499,420,422,49.190000,2221,2316,
14:59:37,38.360000,377,1251,1936,2499,1603,1195,1884,2499,419,422,49.230000,2217,2313,
14:59:39,38.420000,377,1252,1940,2499,1600,1195,1888,2499,421,422,49.320000,2217,2313,
14:59:41,38.470000,377,1251,1936,2499,1604,1193,1887,2499,421,421,49.390000,2214,2309,
14:59:43,38.520000,377,1251,1934,2499,1602,1193,1885,2499,419,421,49.490000,2214,2309,
14:59:45,38.550000,377,1251,1936,2499,1600,1193,1887,2499,420,422,49.520000,2211,2306,
14:59:47,38.550000,377,1251,1924,2499,1599,1194,1887,2499,424,422,49.620000,2211,2306,
14:59:49,38.620000,377,1251,1928,2499,1602,1192,1885,2499,421,420,49.680000,2211,2306,
14:59:52,38.680000,377,1251,1920,2499,1605,1194,1887,2499,421,422,49.750000,2208,2303,
14:59:53,38.700000,377,1251,1912,2499,1602,1194,1886,2499,420,420,49.780000,2208,2303,
14:59:56,38.750000,377,1251,1917,2499,1600,1193,1884,2499,421,422,49.920000,2204,2299,
14:59:57,38.810000,377,1251,1919,2499,1602,1192,1883,2499,421,421,49.950000,2204,2299,
15:00:00,38.830000,377,1252,1914,2499,1602,1193,1884,2499,421,422,50.050000,2201,2296,
15:00:01,38.890000,377,1251,1913,2499,1604,1193,1887,2499,421,421,50.120000,2201,2296,
15:00:04,38.940000,377,1251,1908,2499,1603,1194,1883,2499,422,422,50.180000,2198,2293,
15:00:05,38.960000,377,1251,1899,2499,1601,1193,1882,2499,420,422,50.280000,2198,2293,
15:00:08,39.020000,377,1251,1890,2499,1603,1193,1885,2499,421,422,50.350000,2194,2290,
15:00:10,39.070000,377,1251,1888,2499,1601,1195,1884,2499,421,423,50.420000,2194,2290,
15:00:12,39.120000,377,1251,1894,2499,1602,1194,1884,2499,421,423,50.520000,2194,2290,
15:00:14,39.180000,377,1251,1883,2499,1602,1193,1885,2499,421,424,50.550000,2191,2286,
15:00:16,39.200000,377,1251,1879,2499,1604,1193,1885,2499,422,422,50.650000,2191,2286,
15:00:18,39.250000,377,1252,1887,2499,1602,1192,1884,2499,421,422,50.720000,2188,2283,
15:00:20,39.310000,377,1251,1876,2499,1602,1193,1884,2499,423,422,50.820000,2188,2283,
15:00:22,39.330000,377,1251,1873,2499,1604,1193,1887,2499,422,424,50.850000,2185,2280,
15:00:24,39.390000,377,1253,1870,2499,1604,1194,1887,2499,423,423,50.960000,2185,2280,
15:00:26,39.410000,377,1251,1881,2499,1599,1197,1883,2499,421,424,51.020000,2185,2280,
15:00:28,39.470000,377,1251,1859,2499,1602,1193,1888,2499,422,423,51.090000,2181,2277,
15:00:30,39.490000,377,1252,1865,2499,1601,1194,1884,2499,423,422,51.160000,2181,2277,
15:00:32,39.600000,377,1251,1853,2499,1601,1193,1883,2499,423,424,51.230000,2178,2273,
15:00:34,39.630000,377,1251,1848,2499,1600,1194,1886,2499,421,422,51.300000,2178,2273,
15:00:36,39.650000,377,1251,1851,2499,1604,1193,1885,2499,422,424,51.400000,2175,2270,
15:00:38,39.700000,377,1251,1849,2499,1606,1193,1887,2499,422,424,51.440000,2175,2270,
15:00:40,39.760000,377,1252,1846,2499,1604,1195,1886,2499,422,423,51.570000,2172,2267,
15:00:42,39.810000,377,1251,1841,2499,1605,1193,1884,2499,422,424,51.640000,2172,2267,
15:00:45,39.860000,377,1251,1849,2499,1599,1194,1884,2499,424,426,51.750000,2168,2263,
15:00:46,39.890000,377,1251,1837,2499,1601,1193,1885,2499,422,424,51.780000,2168,2263,
15:00:49,39.970000,377,1251,1838,2499,1606,1193,1888,2499,422,424,51.850000,2165,2260,
15:00:50,40.000000,377,1252,1830,2499,1601,1194,1885,2499,424,423,51.920000,2165,2260,
15:00:53,40.050000,377,1252,1833,2499,1604,1194,1885,2499,423,422,52.020000,2162,2257,
15:00:54,40.110000,377,1252,1828,2499,1602,1193,1885,2499,424,425,52.090000,2162,2257,
15:00:57,40.160000,377,1252,1833,2499,1600,1194,1887,2499,422,424,52.160000,2158,2254,
15:00:58,40.190000,377,1252,1822,2499,1602,1194,1890,2499,422,425,52.270000,2158,2254,
15:01:01,40.240000,377,1252,1830,2499,1602,1194,1884,2499,422,424,52.340000,2155,2250,
15:01:03,40.290000,377,1252,1818,2499,1605,1194,1884,2499,422,425,52.410000,2155,2250,
15:01:05,40.350000,377,1251,1815,2499,1600,1193,1888,2499,423,426,52.520000,2155,2250,
15:01:07,40.400000,377,1252,1813,2499,1602,1193,1889,2499,423,427,52.590000,2152,2247,
15:01:09,40.460000,377,1252,1813,2499,1601,1193,1884,2499,424,424,52.660000,2152,2247,
15:01:11,40.480000,377,1252,1812,2499,1600,1194,1886,2499,425,425,52.730000,2149,2244,
15:01:13,40.540000,377,1251,1801,2499,1600,1193,1886,2499,423,427,52.840000,2149,2244,
15:01:15,40.590000,377,1251,1802,2499,1603,1194,1887,2499,425,424,52.870000,2145,2240,
15:01:17,40.640000,377,1251,1797,2499,1604,1195,1885,2499,426,426,52.980000,2145,2240,
15:01:19,40.700000,377,1251,1802,2499,1602,1194,1882,2499,424,426,53.010000,2142,2237,
15:01:21,40.750000,377,1251,1784,2499,1605,1193,1887,2499,424,423,53.120000,2142,2237,
15:01:23,40.810000,377,1252,1790,2499,1602,1194,1887,2499,424,426,53.190000,2139,2234,
15:01:25,40.860000,377,1251,1782,2499,1599,1194,1884,2499,424,426,53.300000,2139,2234,
15:01:27,40.890000,377,1251,1777,2499,1601,1194,1883,2499,424,425,53.340000,2135,2231,
15:01:29,40.940000,377,1251,1775,2499,1602,1195,1886,2499,423,425,53.450000,2135,2231,
15:01:31,41.000000,377,1251,1777,2499,1599,1195,1884,2499,424,426,53.520000,2132,2227,
15:01:33,41.030000,377,1252,1784,2499,1604,1193,1885,2499,425,427,53.630000,2132,2227,
15:01:35,41.080000,377,1252,1774,2499,1603,1194,1886,2499,424,427,53.660000,2129,2224,
15:01:38,41.140000,378,1253,1769,2499,1602,1195,1884,2499,425,426,53.740000,2129,2224,
15:01:39,41.160000,377,1251,1772,2499,1603,1195,1885,2499,424,425,53.850000,2129,2224,
15:01:42,41.240000,377,1251,1777,2499,1600,1193,1887,2499,425,426,53.920000,2126,2221,
15:01:43,41.330000,377,1251,1761,2499,1602,1193,1886,2499,424,426,53.960000,2126,2221,
15:01:46,41.330000,377,1251,1777,2499,1603,1193,1886,2499,426,426,54.070000,2122,2217,
15:01:47,41.380000,377,1251,1752,2499,1601,1192,1885,2499,424,426,54.100000,2122,2217,
15:01:50,41.460000,377,1251,1754,2499,1599,1192,1885,2499,426,426,54.210000,2119,2214,
15:01:51,41.490000,377,1251,1747,2499,1604,1193,1884,2499,424,427,54.250000,2119,2214,
15:01:54,41.550000,377,1251,1751,2499,1604,1193,1885,2499,424,427,54.360000,2119,2214,
15:01:56,41.600000,377,1251,1740,2499,1600,1193,1883,2499,426,427,54.400000,2116,2211,
15:01:58,41.660000,377,1251,1742,2499,1601,1193,1887,2499,426,427,54.470000,2116,2211,
15:02:00,41.710000,377,1251,1740,2499,1603,1194,1892,2499,424,427,54.580000,2112,2208,
15:02:02,41.770000,376,1251,1747,2499,1602,1194,1887,2499,424,426,54.620000,2112,2208,
15:02:04,41.800000,377,1251,1740,2499,1603,1194,1889,2499,424,426,54.730000,2109,2204,
15:02:06,41.850000,377,1252,1736,2499,1604,1193,1884,2499,426,427,54.810000,2109,2204,
15:02:08,41.910000,377,1251,1735,2499,1600,1195,1886,2499,426,425,54.880000,2106,2201,
15:02:10,41.930000,377,1252,1729,2499,1601,1193,1885,2499,425,427,54.960000,2106,2201,
15:02:12,41.990000,377,1252,1726,2499,1601,1192,1889,2499,426,427,55.030000,2106,2201,
15:02:14,42.050000,377,1252,1722,2499,1600,1193,1884,2499,427,427,55.110000,2103,2198,
15:02:16,42.100000,377,1251,1724,2499,1605,1194,1886,2499,426,426,55.180000,2103,2198,
15:02:18,42.160000,377,1251,1724,2499,1602,1194,1887,2499,427,428,55.260000,2099,2194,
15:02:20,42.210000,377,1251,1719,2499,1599,1193,1887,2499,426,427,55.300000,2099,2194,
15:02:22,42.240000,377,1252,1734,2499,1604,1193,1888,2499,426,429,55.370000,2096,2191,
15:02:24,42.300000,377,1251,1708,2499,1604,1193,1885,2499,426,429,55.450000,2096,2191,
15:02:26,42.350000,377,1251,1719,2499,1604,1195,1882,2499,426,426,55.530000,2093,2188,
15:02:28,42.410000,377,1251,1705,2499,1599,1194,1886,2499,426,426,55.600000,2093,2188,
15:02:31,42.440000,377,1251,1715,2499,1602,1193,1884,2499,424,427,55.720000,2093,2188,
15:02:32,42.490000,377,1251,1703,2499,1600,1193,1887,2499,424,428,55.760000,2089,2185,
15:02:35,42.550000,377,1252,1715,2499,1600,1193,1884,2499,426,428,55.830000,2086,2181,
15:02:36,42.580000,377,1252,1718,2499,1599,1194,1884,2499,427,427,55.910000,2086,2181,
15:02:39,42.660000,377,1251,1699,2499,1600,1193,1885,2499,428,427,55.990000,2086,2181,
15:02:40,42.690000,377,1252,1702,2499,1600,1193,1884,2499,430,428,56.060000,2083,2178,
15:02:43,42.750000,377,1251,1702,2499,1603,1193,1886,2499,427,427,56.140000,2083,2178,
15:02:44,42.780000,377,1251,1704,2499,1604,1193,1885,2499,427,429,56.220000,2080,2175,
15:02:47,42.860000,377,1251,1695,2499,1601,1192,1890,2499,428,430,56.300000,2080,2175,
15:02:49,42.890000,377,1251,1700,2499,1600,1194,1885,2499,428,428,56.340000,2076,2172,
15:02:51,42.970000,377,1251,1686,2499,1602,1194,1885,2499,426,430,56.450000,2076,2172,
15:02:53,42.970000,377,1252,1687,2499,1600,1193,1889,2499,427,428,56.490000,2076,2172,
15:02:55,43.030000,377,1251,1681,2499,1599,1194,1883,2499,427,428,56.570000,2073,2168,
15:02:57,43.090000,377,1251,1694,2499,1604,1193,1888,2499,426,430,56.650000,2073,2168,
15:02:59,43.140000,377,1251,1683,2499,1602,1194,1884,2499,427,428,56.690000,2070,2165,
15:03:01,43.170000,377,1251,1680,2499,1599,1195,1884,2499,427,428,56.770000,2070,2165,
15:03:03,43.230000,377,1252,1672,2499,1604,1193,1887,2499,427,428,56.850000,2070,2165,
15:03:05,43.290000,377,1252,1672,2499,1601,1194,1884,2499,427,430,56.890000,2067,2162,
15:03:07,43.340000,377,1251,1674,2499,1600,1193,1883,2499,429,430,57.000000,2067,2162,
15:03:09,43.370000,377,1252,1674,2499,1603,1194,1882,2499,428,431,57.040000,2063,2158,
15:03:11,43.430000,377,1252,1669,2499,1604,1195,1884,2499,427,429,57.120000,2063,2158,
15:03:13,43.490000,377,1251,1671,2499,1604,1193,1884,2499,428,429,57.200000,2060,2155,
15:03:15,43.520000,377,1251,1680,2499,1599,1194,1887,2499,426,428,57.240000,2060,2155,
15:03:17,43.570000,377,1251,1677,2499,1599,1193,1886,2499,427,427,57.320000,2060,2155,
15:03:19,43.660000,377,1251,1667,2499,1601,1192,1886,2499,429,428,57.400000,2057,2152,
15:03:21,43.660000,377,1252,1679,2499,1602,1193,1887,2499,428,430,57.440000,2057,2152,
15:03:24,43.750000,377,1251,1667,2499,1601,1193,1882,2499,427,430,57.560000,2053,2149,
15:03:25,43.780000,377,1251,1672,2499,1604,1194,1885,2499,429,429,57.600000,2053,2149,
15:03:28,43.800000,377,1252,1663,2499,1604,1195,1886,2499,427,429,57.680000,2053,2149,
15:03:29,43.860000,377,1252,1660,2499,1600,1193,1882,2499,430,431,57.730000,2050,2145,
15:03:32,43.920000,377,1252,1667,2499,1603,1193,1887,2499,429,429,57.810000,2050,2145,
15:03:33,43.950000,377,1251,1658,2499,1599,1193,1885,2499,427,430,57.890000,2047,2142,
15:03:36,44.040000,377,1252,1652,2499,1600,1195,1892,2499,429,430,57.970000,2047,2142,
15:03:37,44.090000,377,1251,1650,2499,1599,1193,1886,2499,429,430,58.010000,2047,2142,
15:03:40,44.120000,377,1251,1658,2499,1602,1193,1885,2499,429,430,58.090000,2044,2139,
15:03:42,44.150000,377,1251,1666,2499,1602,1195,1888,2499,428,430,58.130000,2044,2139,
15:03:44,44.210000,377,1251,1651,2499,1601,1193,1887,2499,429,432,58.210000,2040,2135,
15:03:46,44.270000,377,1251,1648,2499,1599,1193,1884,2499,429,431,58.250000,2040,2135,
15:03:48,44.300000,377,1251,1653,2499,1599,1193,1887,2499,429,429,58.340000,2037,2132,
15:03:50,44.360000,377,1251,1655,2499,1601,1193,1886,2499,430,431,58.420000,2037,2132,
15:03:52,44.410000,377,1251,1644,2499,1604,1194,1884,2499,428,432,58.500000,2037,2132,
15:03:54,44.470000,377,1251,1649,2499,1603,1195,1884,2499,429,430,58.540000,2034,2129,
15:03:56,44.500000,377,1251,1643,2499,1598,1195,1886,2499,428,431,58.580000,2034,2129,
15:03:58,44.530000,376,1251,1643,2499,1599,1193,1885,2499,430,431,58.670000,2030,2126,
15:04:00,44.560000,377,1251,1644,2499,1599,1193,1885,2499,429,430,58.710000,2030,2126,
15:04:02,44.650000,377,1251,1651,2499,1597,1193,1885,2499,431,431,58.790000,2030,2126,
15:04:04,44.710000,377,1252,1647,2499,1599,1193,1886,2499,428,430,58.880000,2027,2122,
15:04:06,44.740000,377,1251,1640,2499,1602,1195,1887,2499,431,432,58.920000,2027,2122,
15:04:08,44.800000,377,1251,1640,2499,1602,1192,1884,2499,429,433,59.000000,2027,2122,
15:04:10,44.830000,377,1251,1643,2499,1603,1195,1884,2499,429,433,59.000000,2024,2119,
15:04:12,44.880000,377,1251,1634,2499,1602,1193,1886,2499,431,432,59.130000,2024,2119,
15:04:14,44.910000,377,1252,1636,2499,1597,1192,1884,2499,430,431,59.130000,2021,2116,
15:04:17,44.940000,376,1251,1636,2499,1599,1194,1887,2499,432,430,59.250000,2021,2116,
15:04:18,45.030000,377,1251,1642,2499,1604,1194,1885,2499,429,430,59.290000,2021,2116,
15:04:21,45.090000,377,1251,1633,2499,1600,1193,1886,2499,431,432,59.340000,2017,2112,
15:04:22,45.120000,377,1251,1633,2499,1601,1193,1883,2499,430,431,59.420000,2017,2112,
15:04:25,45.150000,377,1251,1633,2499,1600,1194,1884,2499,430,432,59.460000,2017,2112,
15:04:26,45.240000,377,1251,1635,2499,1600,1193,1889,2499,431,431,59.550000,2014,2109,
15:04:29,45.270000,377,1251,1634,2499,1599,1193,1889,2499,430,430,59.590000,2014,2109,
15:04:30,45.300000,377,1251,1634,2499,1601,1193,1888,2499,430,433,59.630000,2014,2109,
15:04:33,45.360000,377,1251,1635,2499,1601,1193,1889,2499,430,433,59.760000,2011,2106,
15:04:35,45.390000,377,1251,1643,2499,1601,1195,1889,2499,430,432,59.800000,2011,2106,
15:04:37,45.450000,377,1251,1629,2499,1599,1195,1887,2499,429,433,59.850000,2007,2103,
15:04:39,45.480000,377,1251,1633,2499,1598,1193,1889,2499,430,430,59.890000,2007,2103,
15:04:41,45.540000,377,1251,1629,2499,1603,1195,1886,2499,430,434,59.980000,2007,2103,
15:04:43,45.600000,377,1251,1635,2499,1599,1195,1887,2499,429,432,60.020000,2004,2099,
15:04:45,45.630000,377,1251,1641,2499,1599,1194,1886,2499,430,432,60.110000,2004,2099,
15:04:47,45.660000,377,1252,1629,2499,1602,1195,1890,2499,430,431,60.150000,2004,2099,
15:04:49,45.750000,377,1251,1624,2499,1602,1193,1884,2499,431,432,60.240000,2001,2096,
15:04:51,45.780000,377,1251,1629,2499,1603,1193,1885,2499,430,432,60.280000,2001,2096,
15:04:53,45.840000,377,1251,1628,2499,1599,1193,1883,2499,432,432,60.370000,2001,2096,
15:04:55,45.870000,377,1251,1633,2499,1602,1195,1890,2499,431,432,60.410000,1998,2093,
15:04:57,45.930000,377,1251,1647,2499,1598,1193,1884,2499,430,431,60.450000,1998,2093,
15:04:59,45.960000,377,1251,1626,2499,1601,1195,1886,2499,430,431,60.540000,1994,2089,
15:05:01,46.020000,377,1251,1629,2499,1600,1192,1883,2499,430,432,60.580000,1994,2089,
15:05:03,46.050000,377,1251,1626,2499,1599,1193,1885,2499,430,433,60.630000,1994,2089,
15:05:05,46.110000,377,1251,1625,2499,1599,1195,1882,2499,432,431,60.710000,1991,2086,
15:05:07,46.170000,377,1251,1626,2499,1602,1193,1890,2499,432,433,60.760000,1991,2086,
15:05:10,46.200000,377,1251,1631,2499,1596,1193,1884,2499,431,431,60.800000,1991,2086,
15:05:11,46.230000,377,1251,1641,2499,1599,1195,1889,2499,432,433,60.850000,1988,2083,
15:05:14,46.300000,377,1251,1633,2499,1600,1195,1887,2499,433,433,60.930000,1988,2083,
15:05:15,46.330000,377,1251,1631,2499,1599,1194,1886,2499,432,432,60.980000,1988,2083,
15:05:18,46.390000,377,1252,1627,2499,1600,1193,1887,2499,432,433,61.020000,1985,2080,
15:05:19,46.450000,377,1251,1627,2499,1599,1194,1886,2499,431,433,61.110000,1985,2080,
15:05:22,46.510000,377,1252,1627,2499,1604,1195,1884,2499,430,433,61.160000,1985,2080,
15:05:23,46.540000,377,1251,1630,2499,1599,1194,1888,2499,432,433,61.200000,1981,2076,
15:05:26,46.570000,377,1251,1638,2499,1602,1195,1885,2499,431,433,61.290000,1981,2076,
15:05:28,46.600000,377,1252,1624,2499,1597,1195,1888,2499,431,435,61.290000,1978,2073,
15:05:30,46.660000,377,1251,1625,2499,1596,1195,1885,2499,432,435,61.380000,1978,2073,
15:05:32,46.720000,377,1251,1628,2499,1600,1193,1887,2499,432,434,61.470000,1978,2073,
15:05:34,46.750000,377,1251,1629,2499,1602,1195,1887,2499,432,433,61.510000,1978,2073,
15:05:36,46.790000,377,1252,1636,2499,1598,1193,1885,2499,431,432,61.560000,1975,2070,
15:05:38,46.850000,377,1251,1636,2499,1600,1195,1883,2499,432,433,61.600000,1975,2070,
15:05:40,46.880000,377,1251,1638,2499,1599,1195,1887,2499,432,434,61.690000,1975,2070,
15:05:42,46.940000,377,1251,1635,2499,1600,1193,1885,2499,431,435,61.740000,1971,2067,
15:05:44,46.970000,377,1252,1631,2499,1602,1192,1884,2499,432,433,61.740000,1971,2067,
15:05:46,47.030000,377,1251,1643,2499,1602,1194,1887,2499,432,435,61.830000,1968,2063,
15:05:48,47.060000,377,1251,1646,2499,1601,1194,1887,2499,433,433,61.870000,1968,2063,
15:05:50,47.090000,377,1251,1638,2499,1602,1195,1889,2499,433,434,61.920000,1968,2063,
15:05:52,47.160000,377,1251,1645,2499,1600,1193,1883,2499,433,435,62.010000,1965,2060,
15:05:54,47.190000,377,1251,1635,2499,1596,1194,1886,2499,432,436,62.100000,1965,2060,
15:05:56,47.220000,377,1251,1641,2499,1599,1193,1887,2499,432,433,62.100000,1965,2060,
15:05:58,47.280000,377,1251,1635,2499,1604,1192,1885,2499,433,434,62.190000,1965,2060,
15:06:00,47.310000,377,1252,1648,2499,1600,1194,1884,2499,431,434,62.240000,1962,2057,
15:06:03,47.340000,377,1251,1629,2499,1600,1194,1884,2499,432,432,62.280000,1962,2057,
15:06:04,47.410000,377,1251,1643,2499,1599,1193,1887,2499,433,435,62.330000,1958,2053,
15:06:07,47.440000,377,1252,1625,2499,1602,1194,1885,2499,432,434,62.380000,1958,2053,
15:06:08,47.530000,377,1251,1633,2499,1600,1193,1887,2499,432,432,62.420000,1958,2053,
15:06:11,47.560000,377,1251,1635,2499,1599,1193,1885,2499,433,435,62.510000,1958,2053,
15:06:12,47.590000,377,1251,1635,2499,1600,1194,1887,2499,433,435,62.560000,1955,2050,
15:06:15,47.630000,377,1252,1638,2499,1598,1193,1889,2499,433,434,62.610000,1955,2050,
15:06:16,47.690000,377,1251,1634,2499,1605,1195,1883,2499,431,433,62.650000,1955,2050,
15:06:19,47.720000,377,1251,1644,2499,1597,1193,1889,2499,433,435,62.700000,1952,2047,
15:06:21,47.750000,377,1251,1650,2499,1600,1195,1887,2499,432,434,62.790000,1952,2047,
15:06:23,47.780000,377,1251,1636,2499,1599,1194,1889,2499,433,434,62.840000,1952,2047,
15:06:25,47.850000,377,1251,1638,2499,1599,1194,1885,2499,433,435,62.890000,1948,2044,
15:06:27,47.880000,377,1251,1649,2499,1601,1193,1884,2499,434,436,62.930000,1948,2044,
15:06:29,47.910000,377,1251,1655,2499,1598,1193,1884,2499,433,436,62.930000,1948,2044,
15:06:31,48.000000,377,1252,1647,2499,1599,1193,1884,2499,433,434,63.030000,1948,2044,
15:06:33,48.000000,377,1251,1641,2499,1600,1195,1887,2499,432,436,63.070000,1945,2040,
15:06:35,48.070000,377,1251,1640,2499,1604,1194,1885,2499,433,434,63.120000,1945,2040,
15:06:37,48.100000,377,1251,1645,2499,1597,1193,1886,2499,433,435,63.120000,1942,2037,
15:06:39,48.130000,377,1251,1645,2499,1600,1194,1886,2499,433,435,63.210000,1942,2037,
15:06:41,48.160000,377,1252,1646,2499,1598,1193,1888,2499,433,435,63.260000,1942,2037,
15:06:43,48.190000,377,1251,1642,2499,1599,1194,1886,2499,433,436,63.310000,1942,2037,
15:06:45,48.260000,377,1251,1641,2499,1602,1194,1885,2499,435,436,63.350000,1939,2034,
15:06:47,48.320000,377,1251,1648,2499,1599,1192,1886,2499,433,434,63.400000,1939,2034,
15:06:49,48.350000,377,1251,1673,2499,1597,1193,1889,2499,433,435,63.500000,1939,2034,
15:06:52,48.390000,377,1252,1654,2499,1604,1194,1888,2499,435,435,63.540000,1935,2030,
15:06:53,48.420000,377,1252,1644,2499,1600,1195,1886,2499,434,436,63.540000,1935,2030,
15:06:56,48.480000,377,1251,1646,2499,1598,1194,1885,2499,433,435,63.640000,1935,2030,
15:06:57,48.510000,377,1252,1649,2499,1599,1193,1883,2499,433,436,63.690000,1932,2027,
15:07:00,48.550000,377,1251,1647,2499,1600,1195,1890,2499,433,435,63.730000,1932,2027,
15:07:01,48.610000,377,1251,1647,2499,1599,1193,1886,2499,433,435,63.780000,1932,2027,
15:07:04,48.640000,377,1252,1654,2499,1597,1192,1889,2499,434,437,63.780000,1932,2027,
15:07:05,48.670000,377,1251,1651,2499,1602,1193,1891,2499,434,435,63.830000,1929,2024,
15:07:08,48.710000,377,1251,1657,2499,1599,1194,1884,2499,435,434,63.880000,1929,2024,
15:07:09,48.740000,377,1251,1663,2499,1599,1194,1887,2499,433,436,63.970000,1929,2024,
15:07:12,48.800000,377,1251,1655,2499,1599,1192,1885,2499,433,436,64.020000,1929,2024,
15:07:14,48.870000,377,1251,1654,2499,1601,1193,1886,2499,433,436,64.020000,1925,2021,
15:07:16,48.900000,377,1251,1661,2499,1597,1194,1885,2499,433,434,64.070000,1925,2021,
15:07:18,48.930000,377,1251,1661,2499,1599,1194,1884,2499,434,437,64.170000,1922,2017,
15:07:20,49.000000,377,1251,1667,2499,1596,1194,1887,2499,434,437,64.170000,1922,2017,
15:07:22,49.030000,377,1252,1678,2499,1601,1195,1887,2499,435,435,64.210000,1922,2017,
15:07:24,49.060000,377,1251,1666,2499,1599,1195,1889,2499,435,436,64.310000,1922,2017,
15:07:26,49.100000,377,1251,1671,2499,1597,1195,1884,2499,435,436,64.310000,1919,2014,
15:07:28,49.130000,377,1252,1691,2499,1602,1195,1887,2499,435,437,64.360000,1919,2014,
15:07:30,49.190000,377,1251,1668,2499,1600,1194,1885,2499,435,435,64.410000,1919,2014,
15:07:32,49.190000,377,1251,1671,2499,1596,1195,1887,2499,435,437,64.460000,1919,2014,
15:07:34,49.230000,377,1252,1671,2499,1599,1193,1887,2499,433,435,64.510000,1916,2011,
15:07:36,49.290000,377,1251,1670,2499,1599,1195,1890,2499,436,436,64.560000,1916,2011,
15:07:38,49.360000,377,1252,1677,2499,1599,1193,1885,2499,435,437,64.600000,1916,2011,
15:07:40,49.390000,377,1251,1673,2499,1599,1193,1887,2499,435,437,64.650000,1916,2011,
15:07:42,49.420000,377,1251,1685,2499,1596,1193,1886,2499,437,437,64.700000,1912,2007,
15:07:45,49.490000,377,1251,1683,2499,1600,1193,1887,2499,435,437,64.750000,1912,2007,
15:07:46,49.490000,377,1251,1682,2499,1602,1193,1888,2499,435,437,64.800000,1912,2007,
15:07:49,49.520000,377,1251,1674,2499,1598,1194,1885,2499,433,437,64.850000,1909,2004,
15:07:50,49.590000,377,1251,1686,2499,1600,1193,1887,2499,435,437,64.900000,1909,2004,
15:07:53,49.620000,377,1251,1690,2499,1602,1193,1885,2499,435,436,64.950000,1909,2004,
15:07:54,49.650000,377,1251,1684,2499,1598,1194,1889,2499,435,437,65.000000,1909,2004,
15:07:57,49.720000,377,1251,1682,2499,1601,1195,1884,2499,435,439,65.000000,1906,2001,
15:07:58,49.750000,377,1251,1697,2499,1597,1194,1885,2499,435,436,65.050000,1906,2001,
15:08:01,49.780000,377,1251,1687,2499,1597,1194,1885,2499,436,437,65.100000,1906,2001,
15:08:02,49.820000,377,1251,1689,2499,1602,1194,1885,2499,435,437,65.150000,1906,2001,
15:08:05,49.850000,377,1251,1696,2499,1598,1195,1887,2499,435,437,65.200000,1902,1998,
15:08:07,49.880000,377,1251,1698,2499,1602,1193,1886,2499,435,437,65.200000,1902,1998,
15:08:09,49.950000,377,1251,1708,2499,1600,1195,1889,2499,436,438,65.300000,1902,1998,
15:08:11,49.980000,377,1251,1696,2499,1599,1195,1886,2499,435,437,65.350000,1902,1998,
15:08:13,50.020000,377,1251,1704,2499,1599,1193,1888,2499,436,436,65.400000,1899,1994,
15:08:15,50.050000,376,1251,1712,2499,1600,1195,1884,2499,436,438,65.400000,1899,1994,
15:08:17,50.080000,377,1251,1720,2499,1598,1194,1885,2499,437,437,65.450000,1899,1994,
15:08:19,50.150000,377,1251,1702,2499,1601,1193,1884,2499,436,438,65.500000,1896,1991,
15:08:21,50.180000,377,1251,1700,2499,1600,1193,1887,2499,436,436,65.550000,1896,1991,
15:08:23,50.180000,377,1251,1709,2499,1601,1193,1884,2499,436,437,65.600000,1896,1991,
15:08:25,50.280000,377,1251,1707,2499,1599,1195,1888,2499,437,437,65.650000,1896,1991,
15:08:27,50.280000,377,1251,1718,2499,1596,1195,1888,2499,435,438,65.700000,1896,1991,
15:08:29,50.350000,377,1251,1729,2499,1597,1193,1885,2499,435,437,65.700000,1893,1988,
15:08:31,50.350000,377,1251,1725,2499,1598,1195,1885,2499,436,439,65.750000,1893,1988,
15:08:33,50.420000,377,1251,1705,2499,1602,1193,1884,2499,435,438,65.800000,1893,1988,
15:08:35,50.450000,377,1251,1729,2499,1601,1195,1884,2499,435,436,65.800000,1893,1988,
15:08:38,50.480000,377,1251,1735,2499,1596,1192,1884,2499,435,438,65.900000,1889,1985,
15:08:39,50.520000,377,1251,1726,2499,1602,1195,1888,2499,437,437,65.900000,1889,1985,
15:08:42,50.550000,377,1251,1737,2499,1598,1193,1887,2499,436,438,65.950000,1889,1985,
15:08:43,50.580000,377,1251,1725,2499,1597,1195,1885,2499,436,437,66.000000,1889,1985,
15:08:46,50.620000,377,1251,1719,2499,1594,1193,1889,2499,437,437,66.050000,1886,1981,
15:08:47,50.690000,377,1251,1726,2499,1601,1193,1885,2499,436,436,66.050000,1886,1981,
15:08:50,50.690000,377,1251,1722,2499,1599,1193,1887,2499,435,437,66.100000,1886,1981,
15:08:51,50.750000,377,1251,1722,2499,1602,1194,1887,2499,437,438,66.160000,1886,1981,
15:08:54,50.790000,377,1251,1727,2499,1599,1193,1886,2499,436,438,66.210000,1886,1981,
15:08:56,50.850000,377,1251,1726,2499,1600,1193,1887,2499,437,438,66.260000,1883,1978,
15:08:58,50.850000,377,1251,1746,2499,1599,1196,1883,2499,436,439,66.260000,1883,1978,
15:09:00,50.890000,377,1251,1740,2499,1599,1195,1889,2499,437,438,66.260000,1883,1978,
15:09:02,50.960000,377,1251,1742,2499,1601,1195,1884,2499,437,437,66.310000,1880,1975,
15:09:04,50.990000,377,1251,1748,2499,1596,1194,1889,2499,437,438,66.360000,1880,1975,
15:09:06,51.020000,377,1251,1721,2499,1599,1195,1885,2499,437,438,66.410000,1880,1975,
15:09:08,51.020000,377,1251,1739,2499,1598,1195,1885,2499,435,438,66.460000,1880,1975,
15:09:10,51.060000,377,1251,1738,2499,1602,1195,1887,2499,435,438,66.460000,1880,1975,
15:09:12,51.130000,377,1251,1740,2499,1599,1193,1887,2499,437,439,66.520000,1876,1971,
15:09:14,51.160000,377,1251,1737,2499,1602,1193,1889,2499,436,437,66.570000,1876,1971,
15:09:16,51.200000,377,1251,1744,2499,1599,1195,1884,2499,435,440,66.570000,1876,1971,
15:09:18,51.230000,377,1251,1753,2499,1600,1193,1887,2499,436,439,66.670000,1876,1971,
15:09:20,51.260000,377,1251,1759,2499,1602,1196,1884,2499,438,437,66.670000,1873,1968,
15:09:22,51.300000,377,1251,1748,2499,1597,1195,1887,2499,436,439,66.720000,1873,1968,
15:09:24,51.330000,377,1251,1748,2499,1596,1194,1888,2499,437,438,66.720000,1873,1968,
15:09:26,51.370000,377,1251,1749,2499,1601,1194,1884,2499,438,438,66.770000,1873,1968,
15:09:28,51.400000,377,1251,1762,2499,1596,1195,1887,2499,437,438,66.830000,1873,1968,
15:09:31,51.470000,377,1251,1754,2499,1597,1195,1886,2499,437,440,66.830000,1873,1968,
15:09:32,51.470000,377,1251,1754,2499,1600,1195,1885,2499,437,441,66.880000,1870,1965,
15:09:35,51.500000,377,1251,1765,2499,1597,1194,1886,2499,435,440,66.930000,1870,1965,
15:09:36,51.570000,377,1251,1751,2499,1601,1194,1888,2499,436,439,66.980000,1870,1965,
15:09:39,51.570000,377,1251,1760,2499,1596,1193,1884,2499,437,438,67.040000,1870,1965,
15:09:40,51.640000,377,1251,1753,2499,1597,1195,1887,2499,436,439,67.040000,1866,1962,
15:09:43,51.640000,377,1251,1752,2499,1596,1195,1887,2499,437,439,67.090000,1866,1962,
15:09:44,51.680000,377,1251,1763,2499,1602,1195,1888,2499,437,439,67.140000,1866,1962,
15:09:47,51.750000,377,1251,1763,2499,1597,1193,1890,2499,437,440,67.140000,1866,1962,
15:09:49,51.750000,377,1252,1782,2499,1600,1194,1884,2499,437,437,67.190000,1863,1958,
15:09:51,51.780000,377,1251,1770,2499,1599,1194,1886,2499,436,439,67.250000,1863,1958,
15:09:53,51.880000,377,1251,1766,2499,1600,1195,1886,2499,438,440,67.250000,1863,1958,
15:09:55,51.880000,377,1251,1779,2499,1600,1192,1890,2499,437,439,67.350000,1863,1958,
15:09:57,51.880000,377,1251,1762,2499,1597,1195,1885,2499,437,439,67.300000,1860,1955,
15:09:59,51.950000,377,1251,1767,2499,1597,1193,1888,2499,438,441,67.350000,1860,1955,
15:10:01,51.990000,377,1251,1775,2499,1601,1194,1887,2499,438,441,67.410000,1860,1955,
15:10:03,52.020000,377,1251,1765,2499,1596,1196,1886,2499,438,439,67.410000,1860,1955,
15:10:05,52.060000,377,1251,1766,2499,1596,1193,1887,2499,438,440,67.460000,1860,1955,
15:10:07,52.090000,377,1251,1796,2499,1597,1195,1889,2499,437,438,67.510000,1857,1952,
15:10:09,52.130000,377,1251,1776,2499,1602,1193,1884,2499,438,440,67.510000,1857,1952,
15:10:11,52.160000,377,1251,1779,2499,1600,1193,1885,2499,438,440,67.560000,1857,1952,
15:10:13,52.160000,377,1251,1786,2499,1600,1195,1887,2499,438,439,67.620000,1857,1952,
15:10:15,52.200000,377,1251,1773,2499,1597,1194,1885,2499,438,440,67.620000,1857,1952,
15:10:17,52.230000,377,1251,1784,2499,1599,1192,1884,2499,438,438,67.620000,1857,1952,
15:10:19,52.270000,377,1251,1782,2499,1599,1193,1887,2499,438,440,67.720000,1853,1948,
15:10:21,52.300000,377,1252,1805,2499,1595,1194,1887,2499,437,438,67.720000,1853,1948,
15:10:24,52.340000,377,1251,1781,2499,1599,1195,1885,2499,437,440,67.780000,1853,1948,
15:10:25,52.370000,377,1251,1784,2499,1602,1193,1887,2499,437,440,67.780000,1853,1948,
15:10:28,52.410000,377,1251,1782,2499,1602,1194,1886,2499,437,439,67.830000,1850,1945,
15:10:29,52.410000,377,1251,1789,2499,1600,1193,1884,2499,437,441,67.890000,1850,1945,
15:10:32,52.480000,377,1251,1786,2499,1599,1195,1884,2499,437,441,67.890000,1850,1945,
15:10:33,52.520000,377,1251,1788,2499,1597,1194,1884,2499,437,440,67.940000,1850,1945,
15:10:36,52.520000,377,1251,1792,2499,1600,1193,1887,2499,439,440,67.990000,1850,1945,
15:10:37,52.590000,377,1251,1812,2499,1599,1194,1888,2499,438,439,67.990000,1850,1945,
15:10:40,52.590000,377,1251,1790,2499,1597,1193,1888,2499,438,441,68.050000,1847,1942,
15:10:42,52.660000,377,1251,1807,2499,1600,1193,1887,2499,438,439,68.050000,1847,1942,
15:10:44,52.660000,377,1251,1793,2499,1602,1192,1887,2499,437,440,68.100000,1847,1942,
15:10:46,52.690000,377,1251,1807,2499,1601,1194,1884,2499,437,440,68.100000,1847,1942,
15:10:48,52.760000,377,1251,1807,2499,1599,1194,1887,2499,440,440,68.160000,1847,1942,
15:10:50,52.730000,377,1251,1818,2499,1597,1194,1886,2499,438,438,68.210000,1847,1942,
15:10:52,52.800000,377,1251,1804,2499,1600,1193,1887,2499,438,441,68.210000,1843,1939,
15:10:54,52.840000,377,1251,1819,2499,1602,1195,1890,2499,440,439,68.210000,1843,1939,
15:10:56,52.910000,377,1251,1811,2499,1599,1195,1884,2499,437,440,68.260000,1843,1939,
15:10:58,52.910000,377,1251,1801,2499,1597,1193,1889,2499,438,438,68.260000,1843,1939,
15:11:00,52.940000,377,1251,1816,2499,1600,1192,1888,2499,440,440,68.320000,1843,1939,
15:11:02,52.980000,377,1251,1798,2499,1596,1194,1886,2499,438,440,68.320000,1843,1939,
15:11:04,52.980000,377,1251,1829,2499,1602,1194,1890,2499,438,438,68.370000,1840,1935,
15:11:06,53.010000,377,1251,1812,2499,1600,1193,1889,2499,439,438,68.370000,1840,1935,
15:11:08,53.090000,377,1251,1834,2499,1600,1195,1884,2499,439,440,68.430000,1840,1935,
15:11:10,53.090000,377,1251,1839,2499,1596,1193,1887,2499,440,440,68.480000,1840,1935,
15:11:12,53.120000,377,1251,1845,2499,1599,1193,1889,2499,440,439,68.480000,1840,1935,
15:11:14,53.190000,377,1251,1815,2499,1600,1193,1887,2499,438,440,68.480000,1840,1935,
15:11:17,53.160000,377,1251,1831,2499,1602,1195,1884,2499,438,440,68.480000,1837,1932,
15:11:18,53.230000,377,1251,1815,2499,1601,1195,1885,2499,437,440,68.650000,1837,1932,
15:11:21,53.260000,377,1251,1841,2499,1599,1195,1884,2499,440,441,68.650000,1837,1932,
15:11:22,53.260000,377,1251,1838,2499,1599,1195,1885,2499,437,438,68.650000,1837,1932,
15:11:25,53.340000,377,1251,1837,2499,1599,1196,1884,2499,438,441,68.700000,1834,1929,
15:11:26,53.340000,377,1251,1838,2499,1601,1194,1887,2499,438,441,68.700000,1834,1929,
15:11:29,53.410000,377,1251,1834,2499,1600,1194,1884,2499,438,445,68.700000,1834,1929,
15:11:30,53.410000,377,1251,1833,2499,1597,1195,1885,2499,440,443,68.760000,1834,1929,
15:11:33,53.450000,377,1251,1848,2499,1596,1193,1887,2499,438,438,68.810000,1834,1929,
15:11:35,53.480000,377,1252,1851,2499,1600,1195,1884,2499,443,441,68.810000,1834,1929,
15:11:37,53.520000,377,1251,1851,2499,1600,1194,1887,2499,438,439,68.810000,1834,1929,
15:11:39,53.550000,377,1251,1857,2499,1596,1195,1885,2499,438,440,68.920000,1830,1925,
15:11:41,53.550000,377,1251,1840,2499,1601,1195,1885,2499,438,440,68.920000,1830,1925,
15:11:43,53.630000,377,1251,1828,2499,1599,1193,1886,2499,439,440,68.920000,1830,1925,
15:11:45,53.630000,377,1251,1849,2499,1597,1194,1887,2499,438,441,68.980000,1830,1925,
15:11:47,53.660000,377,1251,1851,2499,1597,1192,1887,2499,440,441,68.980000,1830,1925,
15:11:49,53.700000,377,1251,1843,2499,1602,1194,1887,2499,438,440,69.030000,1830,1925,
15:11:51,53.740000,377,1251,1846,2499,1600,1195,1884,2499,440,442,69.030000,1827,1922,
15:11:53,53.770000,377,1251,1856,2499,1598,1193,1886,2499,438,440,69.030000,1827,1922,
15:11:55,53.770000,377,1251,1865,2499,1600,1195,1885,2499,438,439,69.090000,1827,1922,
15:11:57,53.810000,377,1251,1847,2499,1602,1193,1887,2499,439,440,69.150000,1827,1922,
15:11:59,53.850000,377,1251,1851,2499,1600,1194,1889,2499,438,440,69.150000,1827,1922,
15:12:01,53.850000,377,1251,1856,2499,1596,1193,1885,2499,439,441,69.200000,1827,1922,
15:12:03,53.920000,377,1251,1856,2499,1597,1194,1884,2499,438,440,69.200000,1824,1919,
15:12:05,53.960000,377,1251,1865,2499,1598,1193,1885,2499,440,441,69.260000,1824,1919,
15:12:07,53.960000,377,1251,1868,2499,1599,1193,1884,2499,440,440,69.260000,1824,1919,
15:12:10,54.030000,377,1251,1854,2499,1600,1193,1885,2499,439,442,69.260000,1824,1919,
15:12:11,54.030000,377,1251,1860,2499,1596,1193,1885,2499,440,440,69.310000,1824,1919,
15:12:14,54.070000,377,1251,1856,2499,1597,1193,1889,2499,441,441,69.310000,1824,1919,
15:12:15,54.100000,376,1251,1864,2499,1599,1192,1887,2499,440,442,69.370000,1824,1919,
15:12:18,54.100000,377,1251,1878,2499,1597,1195,1885,2499,440,442,69.370000,1820,1916,
15:12:19,54.140000,377,1251,1878,2499,1600,1196,1883,2499,440,442,69.430000,1820,1916,
15:12:22,54.180000,377,1251,1866,2499,1600,1193,1884,2499,441,440,69.430000,1820,1916,
15:12:23,54.210000,377,1251,1845,2499,1602,1195,1885,2499,440,441,69.430000,1820,1916,
15:12:26,54.250000,377,1251,1857,2499,1601,1194,1887,2499,439,441,69.480000,1820,1916,
15:12:28,54.250000,377,1251,1864,2499,1599,1195,1885,2499,438,440,69.480000,1817,1912,
15:12:30,54.320000,377,1251,1873,2499,1597,1193,1885,2499,439,440,69.540000,1817,1912,
15:12:32,54.360000,377,1251,1855,2499,1596,1193,1885,2499,440,440,69.540000,1817,1912,
15:12:34,54.400000,377,1251,1874,2499,1599,1192,1885,2499,439,441,69.590000,1817,1912,
15:12:36,54.400000,377,1251,1880,2499,1598,1193,1885,2499,440,442,69.590000,1817,1912,
15:12:38,54.430000,377,1251,1885,2499,1601,1195,1884,2499,440,440,69.650000,1817,1912,
15:12:40,54.430000,377,1251,1884,2499,1598,1194,1887,2499,440,440,69.650000,1814,1909,
15:12:42,54.510000,377,1251,1892,2499,1596,1193,1886,2499,439,442,69.650000,1814,1909,
15:12:44,54.510000,377,1251,1896,2499,1600,1195,1884,2499,439,441,69.710000,1814,1909,
15:12:46,54.550000,377,1251,1898,2499,1599,1193,1884,2499,440,441,69.760000,1814,1909,
15:12:48,54.580000,377,1251,1888,2499,1597,1193,1886,2499,441,441,69.760000,1814,1909,
15:12:50,54.580000,377,1251,1900,2499,1597,1193,1885,2499,440,442,69.760000,1814,1909,
15:12:52,54.620000,377,1251,1892,2499,1600,1193,1890,2499,440,442,69.820000,1814,1909,
15:12:54,54.660000,377,1251,1907,2499,1599,1193,1889,2499,440,442,69.820000,1814,1909,
15:12:56,54.690000,377,1251,1902,2499,1596,1193,1885,2499,440,443,69.880000,1811,1906,
15:12:58,54.730000,376,1251,1914,2499,1597,1193,1888,2499,440,443,69.880000,1814,1909,
15:13:00,54.730000,377,1251,1892,2499,1601,1193,1888,2499,439,441,69.880000,1811,1906,
15:13:03,54.770000,377,1251,1910,2499,1600,1196,1884,2499,438,441,69.940000,1811,1906,
15:13:04,54.810000,377,1251,1884,2499,1598,1195,1887,2499,440,443,69.940000,1811,1906,
15:13:07,54.840000,377,1251,1896,2499,1599,1193,1889,2499,439,441,69.990000,1811,1906,
15:13:08,54.880000,377,1251,1903,2499,1596,1195,1887,2499,439,439,69.990000,1811,1906,
15:13:11,54.880000,377,1251,1904,2499,1598,1192,1887,2499,440,439,70.050000,1811,1906,
15:13:12,54.880000,377,1251,1889,2499,1596,1195,1886,2499,440,442,69.990000,1807,1902,
15:13:15,54.920000,377,1251,1902,2499,1599,1192,1889,2499,438,441,70.050000,1807,1902,
15:13:16,54.990000,377,1251,1907,2499,1597,1193,1887,2499,440,440,70.050000,1807,1902,
15:13:19,54.990000,377,1251,1906,2499,1599,1194,1891,2499,440,442,70.110000,1807,1902,
15:13:21,55.030000,377,1251,1911,2499,1596,1195,1887,2499,440,441,70.110000,1807,1902,
15:13:23,55.070000,377,1251,1893,2499,1598,1193,1884,2499,440,443,70.110000,1807,1902,
15:13:25,55.110000,376,1251,1896,2499,1596,1195,1887,2499,439,442,70.160000,1804,1899,
15:13:27,55.110000,377,1251,1917,2499,1597,1193,1888,2499,440,443,70.160000,1804,1899,
15:13:29,55.150000,377,1251,1907,2499,1600,1195,1884,2499,440,441,70.160000,1804,1899,
15:13:31,55.180000,377,1251,1909,2499,1597,1193,1887,2499,438,443,70.220000,1804,1899,
15:13:33,55.180000,377,1251,1904,2499,1599,1194,1888,2499,440,443,70.280000,1804,1899,
15:13:35,55.220000,377,1251,1916,2499,1594,1193,1885,2499,440,441,70.280000,1804,1899,
15:13:37,55.260000,377,1251,1908,2499,1600,1195,1886,2499,440,440,70.280000,1804,1899,
15:13:39,55.260000,377,1251,1921,2499,1600,1195,1887,2499,440,443,70.340000,1801,1896,
15:13:41,55.300000,377,1251,1909,2499,1599,1194,1886,2499,438,443,70.340000,1804,1899,
15:13:43,55.340000,377,1251,1920,2499,1596,1193,1887,2499,441,442,70.400000,1801,1896,
15:13:45,55.370000,377,1251,1914,2499,1599,1195,1884,2499,441,442,70.400000,1801,1896,
15:13:47,55.410000,377,1251,1912,2499,1598,1194,1885,2499,440,443,70.450000,1801,1896,
15:13:49,55.410000,377,1251,1914,2499,1597,1192,1887,2499,440,440,70.450000,1801,1896,
15:13:51,55.450000,377,1251,1912,2499,1600,1193,1889,2499,440,444,70.450000,1801,1896,
15:13:53,55.490000,377,1251,1939,2499,1595,1194,1887,2499,440,441,70.450000,1801,1896,
15:13:56,55.490000,377,1251,1945,2499,1596,1194,1885,2499,440,441,70.510000,1801,1896,
15:13:57,55.530000,377,1251,1923,2499,1597,1195,1885,2499,441,442,70.510000,1801,1896,
15:14:00,55.560000,377,1251,1934,2499,1596,1193,1887,2499,440,443,70.510000,1797,1893,
15:14:01,55.560000,377,1251,1912,2499,1601,1195,1886,2499,440,441,70.510000,1797,1893,
15:14:04,55.640000,377,1251,1920,2499,1596,1193,1887,2499,440,443,70.570000,1797,1893,
15:14:05,55.640000,377,1251,1918,2499,1600,1195,1887,2499,441,442,70.630000,1797,1893,
15:14:08,55.680000,377,1251,1923,2499,1597,1194,1888,2499,439,442,70.630000,1797,1893,
15:14:09,55.680000,377,1251,1931,2499,1598,1195,1885,2499,440,442,70.630000,1797,1893,
15:14:12,55.720000,377,1251,1943,2499,1599,1192,1889,2499,440,441,70.630000,1797,1893,
15:14:14,55.720000,377,1251,1929,2499,1599,1193,1887,2499,441,441,70.690000,1794,1889,
15:14:16,55.760000,377,1251,1926,2499,1600,1194,1887,2499,441,443,70.690000,1794,1889,
15:14:18,55.830000,377,1251,1923,2499,1596,1193,1887,2499,441,443,70.690000,1794,1889,
15:14:20,55.790000,377,1251,1923,2499,1600,1193,1887,2499,441,443,70.740000,1794,1889,
15:14:22,55.870000,377,1251,1924,2499,1599,1193,1885,2499,441,443,70.740000,1794,1889,
15:14:24,55.870000,377,1251,1937,2499,1598,1193,1887,2499,441,441,70.800000,1794,1889,
15:14:26,55.870000,377,1251,1920,2499,1599,1193,1885,2499,441,442,70.800000,1794,1889,
15:14:28,55.910000,377,1251,1953,2499,1596,1194,1884,2499,441,441,70.800000,1794,1889,
15:14:30,55.950000,377,1251,1933,2499,1596,1195,1885,2499,441,443,70.860000,1794,1889,
15:14:32,55.950000,377,1251,1939,2499,1599,1195,1889,2499,441,443,70.860000,1791,1886,
15:14:34,55.990000,377,1251,1923,2499,1598,1195,1889,2499,442,443,70.860000,1791,1886,
15:14:36,56.020000,377,1251,1951,2499,1597,1196,1887,2499,441,443,70.920000,1791,1886,
15:14:38,56.060000,377,1251,1938,2499,1599,1193,1884,2499,441,443,70.920000,1791,1886,
15:14:40,56.060000,377,1251,1928,2499,1600,1194,1884,2499,440,442,70.920000,1791,1886,
15:14:42,56.100000,377,1251,1937,2499,1600,1195,1888,2499,443,443,70.980000,1791,1886,
15:14:44,56.100000,377,1251,1960,2499,1596,1195,1887,2499,440,442,70.980000,1791,1886,
15:14:46,56.140000,377,1251,1945,2499,1601,1193,1889,2499,441,443,70.980000,1791,1886,
15:14:49,56.140000,377,1251,1945,2499,1595,1193,1885,2499,441,444,71.040000,1791,1886,
15:14:50,56.220000,377,1251,1951,2499,1596,1194,1885,2499,441,440,70.980000,1791,1886,
15:14:53,56.220000,377,1251,1961,2499,1596,1194,1886,2499,440,442,71.040000,1791,1886,
15:14:54,56.260000,377,1251,1945,2499,1600,1196,1885,2499,440,442,71.040000,1788,1883,
15:14:57,56.260000,377,1251,1949,2499,1596,1193,1887,2499,440,443,71.100000,1788,1883,
15:14:58,56.300000,377,1251,1944,2499,1597,1194,1886,2499,441,443,71.100000,1788,1883,
15:15:01,56.340000,377,1251,1954,2499,1596,1193,1886,2499,441,444,71.100000,1788,1883,
15:15:02,56.340000,377,1251,1943,2499,1595,1194,1884,2499,440,443,71.100000,1788,1883,
15:15:05,56.370000,377,1251,1960,2499,1600,1194,1886,2499,441,441,71.160000,1788,1883,
15:15:07,56.410000,377,1251,1949,2499,1596,1194,1885,2499,441,443,71.160000,1784,1880,
15:15:09,56.410000,377,1251,1950,2499,1597,1196,1884,2499,441,444,71.220000,1788,1883,
15:15:11,56.450000,377,1251,1968,2499,1597,1195,1885,2499,442,443,71.160000,1784,1880,
15:15:13,56.450000,377,1251,1976,2499,1600,1195,1885,2499,441,443,71.220000,1788,1883,
15:15:15,56.490000,377,1251,1983,2499,1600,1195,1885,2499,441,442,71.160000,1784,1880,
15:15:17,56.530000,377,1251,1981,2499,1597,1193,1887,2499,441,443,71.220000,1784,1880,
15:15:19,56.570000,377,1251,1951,2499,1596,1195,1885,2499,441,443,71.270000,1784,1880,
15:15:21,56.570000,377,1251,1955,2499,1600,1194,1887,2499,442,444,71.270000,1784,1880,
15:15:23,56.610000,377,1251,1953,2499,1596,1195,1885,2499,441,443,71.270000,1784,1880,
15:15:25,56.650000,377,1251,1972,2499,1599,1193,1886,2499,441,444,71.330000,1781,1876,
15:15:27,56.650000,377,1251,1972,2499,1598,1193,1887,2499,442,441,71.330000,1781,1876,
15:15:29,56.650000,377,1251,1970,2499,1597,1193,1889,2499,441,443,71.330000,1781,1876,
15:15:31,56.730000,377,1251,1965,2499,1600,1194,1884,2499,441,444,71.390000,1781,1876,
15:15:33,56.730000,376,1251,1962,2499,1596,1196,1890,2499,440,445,71.390000,1781,1876,
15:15:35,56.770000,377,1251,1990,2499,1600,1195,1886,2499,441,444,71.390000,1781,1876,
15:15:37,56.810000,377,1251,1951,2499,1596,1193,1885,2499,441,443,71.390000,1781,1876,
15:15:39,56.770000,377,1251,1987,2499,1595,1193,1885,2499,442,443,71.450000,1781,1876,
15:15:42,56.850000,377,1251,1967,2499,1599,1193,1883,2499,441,443,71.450000,1781,1876,
15:15:43,56.850000,377,1251,1985,2499,1596,1194,1885,2499,442,443,71.450000,1781,1876,
15:15:46,56.890000,377,1251,1976,2499,1599,1195,1886,2499,441,442,71.510000,1778,1873,
15:15:47,56.890000,377,1251,1983,2499,1600,1193,1888,2499,442,443,71.510000,1781,1876,
15:15:50,56.920000,377,1251,1990,2499,1596,1194,1885,2499,441,443,71.510000,1778,1873,
15:15:51,56.920000,377,1251,1976,2499,1596,1194,1887,2499,442,443,71.510000,1778,1873,
15:15:54,56.960000,377,1251,1970,2499,1597,1194,1885,2499,441,442,71.570000,1778,1873,
15:15:55,56.960000,377,1251,1975,2499,1597,1193,1886,2499,440,442,71.570000,1778,1873,
15:15:58,57.000000,377,1251,1973,2499,1597,1194,1886,2499,441,443,71.630000,1778,1873,
15:16:00,57.040000,377,1251,1975,2499,1599,1193,1886,2499,441,443,71.570000,1778,1873,
15:16:02,57.040000,377,1251,1973,2499,1597,1194,1888,2499,442,444,71.570000,1778,1873,
15:16:04,57.080000,377,1251,1978,2499,1596,1194,1885,2499,441,443,71.570000,1778,1873,
15:16:06,57.080000,377,1251,1975,2499,1595,1195,1889,2499,440,441,71.630000,1778,1873,
15:16:08,57.120000,377,1251,1980,2499,1599,1194,1887,2499,441,441,71.630000,1778,1873,
15:16:10,57.120000,377,1251,1999,2499,1596,1194,1887,2499,441,443,71.630000,1775,1870,
15:16:12,57.160000,377,1251,1979,2499,1597,1193,1885,2499,441,442,71.630000,1778,1873,
15:16:14,57.160000,377,1251,2000,2499,1598,1195,1885,2499,441,443,71.690000,1778,1873,
15:16:16,57.200000,377,1251,1993,2499,1598,1192,1889,2499,441,443,71.690000,1775,1870,
15:16:18,57.200000,377,1251,1978,2499,1599,1193,1886,2499,441,443,71.750000,1775,1870,
15:16:20,57.280000,376,1251,1987,2499,1600,1195,1889,2499,441,443,71.750000,1775,1870,
15:16:22,57.280000,377,1251,1989,2499,1597,1193,1887,2499,440,444,71.750000,1775,1870,
15:16:24,57.280000,377,1251,1978,2499,1599,1193,1885,2499,441,445,71.750000,1775,1870,
15:16:26,57.320000,377,1251,2000,2499,1600,1195,1887,2499,441,444,71.810000,1775,1870,
15:16:28,57.360000,377,1251,1976,2499,1599,1193,1887,2499,440,443,71.810000,1775,1870,
15:16:31,57.360000,377,1251,2009,2499,1600,1194,1884,2499,443,443,71.810000,1775,1870,
15:16:32,57.400000,377,1251,1993,2499,1600,1194,1888,2499,442,443,71.810000,1775,1870,
15:16:35,57.400000,377,1251,1983,2499,1600,1195,1886,2499,441,443,71.870000,1775,1870,
15:16:36,57.480000,377,1251,1997,2499,1594,1194,1886,2499,441,442,71.870000,1771,1866,
15:16:39,57.440000,377,1251,1989,2499,1598,1193,1887,2499,441,444,71.870000,1771,1866,
15:16:40,57.440000,377,1251,1987,2499,1601,1195,1887,2499,442,443,71.870000,1771,1866,
15:16:43,57.520000,377,1251,2012,2499,1596,1195,1887,2499,441,443,71.870000,1771,1866,
15:16:44,57.520000,377,1251,2022,2499,1596,1195,1888,2499,441,444,71.930000,1771,1866,
15:16:47,57.560000,377,1251,2033,2499,1599,1194,1889,2499,440,444,71.930000,1771,1866,
15:16:49,57.560000,377,1251,2039,2499,1596,1192,1885,2499,440,443,71.930000,1771,1866,
15:16:51,57.560000,377,1251,2005,2499,1596,1193,1888,2499,441,443,71.990000,1771,1866,
15:16:53,57.600000,377,1251,1990,2499,1596,1193,1885,2499,441,443,71.990000,1771,1866,
15:16:55,57.600000,377,1251,2009,2499,1596,1195,1887,2499,441,443,71.990000,1771,1866,
15:16:57,57.640000,377,1251,2015,2499,1600,1195,1884,2499,442,444,71.990000,1771,1866,
15:16:59,57.680000,377,1251,2025,2499,1601,1193,1887,2499,441,444,71.990000,1771,1866,
15:17:01,57.680000,377,1251,2017,2499,1597,1194,1885,2499,440,443,72.060000,1768,1863,
15:17:03,57.730000,377,1251,2009,2499,1599,1193,1888,2499,442,444,72.060000,1768,1863,
15:17:05,57.730000,377,1251,2013,2499,1596,1194,1891,2499,441,443,72.060000,1768,1863,
15:17:07,57.770000,377,1251,2000,2499,1600,1192,1886,2499,443,442,72.060000,1768,1863,
15:17:09,57.770000,377,1251,2017,2499,1600,1194,1885,2499,443,443,72.120000,1768,1863,
15:17:11,57.810000,377,1251,1995,2499,1597,1194,1887,2499,441,441,72.060000,1768,1863,
15:17:13,57.810000,377,1251,2014,2499,1597,1194,1887,2499,442,441,72.120000,1768,1863,
15:17:15,57.850000,377,1251,2022,2499,1597,1192,1888,2499,441,443,72.120000,1768,1863,
15:17:17,57.850000,377,1251,2003,2499,1600,1195,1885,2499,443,443,72.120000,1768,1863,
15:17:19,57.890000,377,1251,2018,2499,1601,1193,1892,2499,443,443,72.120000,1768,1863,
15:17:21,57.890000,377,1251,2019,2499,1599,1194,1889,2499,441,444,72.120000,1768,1863,
15:17:24,57.930000,377,1251,2028,2499,1596,1196,1891,2499,441,444,72.180000,1765,1860,
15:17:25,57.930000,377,1251,2000,2499,1596,1193,1885,2499,444,444,72.120000,1765,1860,
15:17:28,57.970000,377,1251,2012,2499,1597,1195,1889,2499,441,446,72.180000,1765,1860,
15:17:29,58.010000,377,1251,2034,2499,1597,1195,1887,2499,441,444,72.180000,1765,1860,
15:17:32,58.010000,377,1251,2019,2499,1596,1194,1885,2499,441,444,72.180000,1765,1860,
15:17:33,58.050000,377,1251,2026,2499,1600,1195,1890,2499,440,443,72.240000,1765,1860,
15:17:36,58.050000,377,1251,2032,2499,1598,1194,1885,2499,442,443,72.240000,1765,1860,
15:17:37,58.050000,377,1251,2020,2499,1596,1196,1890,2499,443,443,72.300000,1765,1860,
15:17:40,58.090000,377,1251,2029,2499,1600,1195,1886,2499,442,443,72.240000,1765,1860,
15:17:41,58.090000,377,1251,2017,2499,1598,1194,1888,2499,443,444,72.300000,1765,1860,
15:17:44,58.130000,377,1251,2020,2499,1601,1195,1888,2499,441,443,72.300000,1765,1860,
15:17:46,58.130000,377,1251,2022,2499,1599,1195,1887,2499,441,444,72.300000,1765,1860,
15:17:48,58.170000,377,1251,2011,2499,1597,1194,1883,2499,442,443,72.360000,1761,1857,
15:17:50,58.170000,377,1251,2014,2499,1600,1195,1889,2499,443,444,72.360000,1761,1857,
15:17:52,58.210000,377,1251,2031,2499,1598,1193,1884,2499,441,446,72.360000,1761,1857,
15:17:54,58.250000,377,1251,2031,2499,1599,1194,1887,2499,442,446,72.420000,1761,1857,
15:17:56,58.250000,377,1251,2030,2499,1596,1193,1889,2499,441,444,72.420000,1761,1857,
15:17:58,58.250000,377,1251,2039,2499,1598,1196,1889,2499,443,443,72.420000,1761,1857,
15:18:00,58.300000,377,1251,2032,2499,1597,1194,1886,2499,441,444,72.360000,1761,1857,
15:18:02,58.300000,377,1251,2018,2499,1597,1195,1885,2499,441,443,72.420000,1761,1857,
15:18:04,58.340000,377,1251,2023,2499,1599,1194,1889,2499,441,444,72.420000,1761,1857,
15:18:06,58.340000,377,1251,2029,2499,1600,1195,1886,2499,443,443,72.420000,1761,1857,
15:18:08,58.380000,377,1251,2037,2499,1598,1193,1887,2499,443,443,72.480000,1761,1857,
15:18:10,58.420000,377,1251,2030,2499,1597,1194,1885,2499,441,443,72.420000,1761,1857,
15:18:12,58.420000,377,1251,2039,2499,1597,1193,1889,2499,443,443,72.480000,1761,1857,
15:18:14,58.420000,377,1251,2033,2499,1595,1194,1887,2499,441,443,72.480000,1761,1857,
15:18:17,58.460000,377,1251,2041,2499,1598,1194,1886,2499,441,442,72.480000,1761,1857,
15:18:18,58.420000,377,1251,2042,2499,1599,1195,1886,2499,443,444,72.550000,1758,1853,
15:18:21,58.460000,377,1251,2050,2499,1597,1196,1888,2499,443,442,72.480000,1758,1853,
15:18:22,58.500000,377,1251,2042,2499,1600,1195,1885,2499,441,447,72.480000,1758,1853,
15:18:25,58.500000,377,1251,2051,2499,1597,1193,1889,2499,443,444,72.550000,1758,1853,
15:18:26,58.540000,377,1251,2036,2499,1597,1192,1884,2499,444,444,72.550000,1758,1853,
15:18:29,58.540000,377,1251,2019,2499,1598,1195,1885,2499,442,444,72.550000,1758,1853,
15:18:30,58.580000,377,1251,2030,2499,1599,1195,1885,2499,441,445,72.550000,1758,1853,
15:18:33,58.580000,377,1251,2042,2499,1596,1194,1884,2499,442,445,72.550000,1758,1853,
15:18:35,58.630000,377,1251,2047,2499,1596,1193,1888,2499,443,445,72.610000,1758,1853,
15:18:37,58.630000,376,1251,2040,2499,1599,1194,1884,2499,443,445,72.610000,1758,1853,
15:18:39,58.670000,377,1251,2033,2499,1601,1194,1884,2499,443,444,72.610000,1758,1853,
15:18:41,58.670000,377,1251,2047,2499,1600,1194,1886,2499,443,444,72.610000,1758,1853,
15:18:43,58.670000,377,1251,2042,2499,1599,1193,1887,2499,441,446,72.610000,1758,1853,
15:18:45,58.710000,377,1251,2062,2499,1596,1195,1887,2499,443,444,72.670000,1755,1850,
15:18:47,58.710000,377,1251,2059,2499,1596,1195,1890,2499,443,444,72.670000,1755,1850,
15:18:49,58.750000,377,1251,2029,2499,1596,1193,1885,2499,443,444,72.670000,1755,1850,
15:18:51,58.750000,377,1251,2048,2499,1601,1195,1889,2499,442,445,72.670000,1755,1850,
15:18:53,58.750000,377,1251,2047,2499,1598,1193,1887,2499,443,445,72.670000,1755,1850,
15:18:55,58.790000,377,1251,2057,2499,1596,1194,1886,2499,443,444,72.670000,1755,1850,
15:18:57,58.830000,377,1251,2054,2499,1596,1194,1891,2499,442,444,72.730000,1755,1850,
15:18:59,58.830000,377,1251,2042,2499,1596,1195,1887,2499,442,444,72.730000,1755,1850,
15:19:01,58.880000,377,1251,2053,2499,1597,1195,1885,2499,442,444,72.730000,1755,1850,
15:19:03,58.880000,377,1251,2035,2499,1594,1194,1892,2499,443,443,72.730000,1755,1850,
15:19:05,58.920000,377,1251,2067,2499,1599,1194,1888,2499,443,444,72.730000,1755,1850,
15:19:07,58.880000,377,1251,2053,2499,1599,1193,1890,2499,441,445,72.730000,1755,1850,
15:19:10,58.920000,377,1251,2057,2499,1597,1195,1887,2499,443,444,72.790000,1755,1850,
15:19:11,58.960000,377,1251,2048,2499,1595,1193,1885,2499,443,444,72.790000,1755,1850,
15:19:14,58.960000,377,1251,2039,2499,1600,1194,1886,2499,442,444,72.790000,1755,1850,
15:19:15,59.000000,377,1251,2036,2499,1597,1193,1892,2499,443,445,72.790000,1752,1847,
15:19:18,59.000000,377,1251,2063,2499,1595,1195,1885,2499,441,445,72.790000,1755,1850,
15:19:19,59.040000,377,1251,2060,2499,1596,1195,1893,2499,443,443,72.790000,1752,1847,
15:19:22,59.000000,377,1251,2054,2499,1599,1195,1888,2499,440,445,72.790000,1755,1850,
15:19:23,59.040000,377,1251,2049,2499,1597,1193,1889,2499,443,443,72.790000,1755,1850,
15:19:26,59.080000,377,1251,2062,2499,1595,1193,1888,2499,443,444,72.790000,1755,1850,
15:19:28,59.080000,377,1251,2063,2499,1597,1195,1889,2499,442,444,72.790000,1755,1850,
15:19:30,59.080000,377,1251,2075,2499,1595,1193,1885,2499,441,443,72.790000,1755,1850,
15:19:32,59.130000,377,1251,2063,2499,1596,1196,1886,2499,443,444,72.790000,1755,1850,
15:19:34,59.130000,377,1251,2055,2499,1599,1195,1888,2499,442,443,72.790000,1755,1850,
15:19:36,59.130000,377,1251,2048,2499,1595,1193,1889,2499,442,444,72.790000,1755,1850,
15:19:38,59.130000,377,1251,2069,2499,1596,1193,1890,2499,443,443,72.790000,1755,1850,
15:19:40,59.130000,377,1251,2053,2499,1596,1195,1889,2499,442,445,72.790000,1755,1850,
15:19:42,59.170000,377,1251,2059,2499,1597,1195,1884,2499,443,443,72.790000,1755,1850,
15:19:44,59.170000,377,1251,2060,2499,1600,1193,1887,2499,442,444,72.790000,1755,1850,
15:19:46,59.210000,377,1251,2084,2499,1596,1193,1887,2499,443,441,72.730000,1755,1850,
15:19:48,59.210000,377,1251,2041,2499,1596,1193,1886,2499,442,444,72.790000,1755,1850,
15:19:50,59.210000,377,1251,2059,2499,1601,1193,1888,2499,443,444,72.730000,1755,1850,
15:19:52,59.210000,377,1251,2047,2499,1598,1195,1887,2499,443,444,72.730000,1755,1850,
15:19:54,59.250000,377,1251,2064,2499,1598,1194,1890,2499,442,444,72.730000,1755,1850,
15:19:56,59.250000,377,1251,2039,2499,1600,1194,1885,2499,443,444,72.730000,1755,1850,
15:19:58,59.250000,377,1251,2070,2499,1597,1192,1889,2499,442,444,72.670000,1755,1850,
15:20:00,59.250000,377,1251,2062,2499,1597,1194,1889,2499,443,444,72.670000,1755,1850,
15:20:03,59.250000,377,1251,2055,2499,1600,1194,1887,2499,442,446,72.670000,1755,1850,
15:20:04,59.290000,377,1251,2063,2499,1597,1193,1889,2499,443,443,72.610000,1755,1850,
15:20:07,59.290000,377,1251,2047,2499,1598,1195,1885,2499,441,444,72.670000,1758,1853,
15:20:08,59.290000,377,1251,2070,2499,1600,1195,1887,2499,443,445,72.670000,1755,1850,
15:20:11,59.290000,377,1251,2059,2499,1598,1193,1888,2499,443,443,72.610000,1758,1853,
15:20:12,59.250000,377,1251,2062,2499,1597,1195,1885,2499,443,445,72.610000,1758,1853,
15:20:15,59.290000,377,1251,2050,2499,1596,1195,1887,2499,443,444,72.610000,1758,1853,
15:20:16,59.290000,377,1251,2067,2499,1597,1194,1889,2499,443,445,72.550000,1758,1853,
15:20:19,59.290000,377,1251,2060,2499,1601,1193,1885,2499,442,446,72.550000,1758,1853,
15:20:21,59.340000,377,1251,2064,2499,1600,1195,1888,2499,443,444,72.480000,1758,1853,
15:20:23,59.340000,377,1251,2059,2499,1596,1194,1885,2499,442,443,72.480000,1761,1857,
15:20:25,59.290000,377,1251,2072,2499,1596,1193,1887,2499,442,441,72.480000,1761,1857,
15:20:27,59.340000,377,1251,2054,2499,1595,1195,1883,2499,441,444,72.420000,1761,1857,
15:20:29,59.340000,377,1251,2061,2499,1600,1194,1887,2499,443,446,72.480000,1761,1857,
15:20:31,59.340000,377,1251,2067,2499,1597,1195,1891,2499,441,444,72.420000,1761,1857,
15:20:33,59.340000,377,1251,2061,2499,1596,1195,1884,2499,441,444,72.420000,1761,1857,
15:20:35,59.340000,377,1251,2066,2499,1600,1195,1885,2499,441,443,72.360000,1761,1857,
15:20:37,59.340000,377,1251,2072,2499,1597,1196,1889,2499,441,444,72.360000,1761,1857,
15:20:39,59.340000,377,1251,2059,2499,1600,1193,1886,2499,441,445,72.300000,1765,1860,
15:20:41,59.380000,377,1251,2059,2499,1599,1193,1888,2499,443,444,72.300000,1761,1857,
15:20:43,59.340000,377,1251,2067,2499,1598,1194,1887,2499,442,444,72.300000,1765,1860,
15:20:45,59.380000,377,1251,2066,2499,1596,1195,1888,2499,442,444,72.240000,1765,1860,
15:20:47,59.340000,377,1251,2051,2499,1597,1195,1884,2499,441,445,72.180000,1765,1860,
15:20:49,59.380000,377,1251,2056,2499,1597,1195,1887,2499,443,442,72.180000,1765,1860,
15:20:51,59.380000,377,1251,2067,2499,1597,1195,1885,2499,442,442,72.120000,1765,1860,
15:20:53,59.380000,377,1251,2069,2499,1597,1193,1889,2499,441,444,72.180000,1768,1863,
15:20:56,59.340000,377,1251,2061,2499,1596,1195,1886,2499,441,442,72.120000,1768,1863,
15:20:57,59.340000,377,1251,2079,2499,1598,1195,1886,2499,441,443,72.120000,1768,1863,
15:21:00,59.340000,377,1251,2077,2499,1600,1193,1887,2499,441,446,72.060000,1768,1863,
15:21:01,59.380000,377,1251,2061,2499,1600,1193,1885,2499,441,443,72.060000,1768,1863,
15:21:04,59.340000,377,1251,2052,2499,1596,1195,1885,2499,441,444,71.990000,1771,1866,
15:21:05,59.380000,376,1251,2043,2499,1599,1193,1886,2499,441,443,71.990000,1771,1866,
15:21:08,59.380000,377,1251,2051,2499,1595,1194,1886,2499,443,442,71.930000,1771,1866,
15:21:09,59.340000,377,1251,2064,2499,1599,1195,1887,2499,441,443,71.870000,1771,1866,
15:21:12,59.380000,377,1251,2053,2499,1598,1195,1890,2499,443,443,71.870000,1771,1866,
15:21:14,59.340000,377,1251,2055,2499,1596,1195,1885,2499,441,444,71.870000,1775,1870,
15:21:16,59.340000,377,1251,2037,2499,1596,1195,1887,2499,442,443,71.810000,1775,1870,
15:21:18,59.380000,377,1250,2036,2499,1594,1193,1887,2499,441,444,71.750000,1775,1870,
15:21:20,59.340000,377,1251,2057,2499,1597,1196,1887,2499,443,444,71.750000,1775,1870,
15:21:22,59.380000,377,1251,2064,2499,1600,1193,1887,2499,441,443,71.690000,1775,1870,
15:21:24,59.380000,377,1251,2044,2499,1596,1195,1885,2499,442,443,71.690000,1775,1870,
15:21:26,59.380000,377,1251,2060,2499,1596,1193,1888,2499,441,443,71.630000,1778,1873,
15:21:28,59.340000,377,1250,2036,2499,1594,1193,1889,2499,442,443,71.630000,1778,1873,
15:21:30,59.340000,377,1251,2044,2499,1599,1195,1885,2499,442,442,71.570000,1778,1873,
15:21:32,59.340000,377,1250,2035,2499,1596,1193,1885,2499,441,441,71.510000,1778,1873,
15:21:34,59.380000,377,1250,2038,2499,1596,1195,1887,2499,441,443,71.510000,1778,1873,
15:21:36,59.290000,377,1251,2042,2499,1600,1195,1886,2499,441,444,71.450000,1781,1876,
15:21:38,59.290000,377,1251,2045,2499,1596,1193,1887,2499,441,443,71.450000,1781,1876,
15:21:40,59.290000,377,1251,2033,2499,1601,1194,1886,2499,441,441,71.390000,1781,1876,
15:21:42,59.340000,377,1251,2048,2499,1597,1192,1888,2499,443,441,71.390000,1781,1876,
15:21:44,59.290000,377,1250,2033,2499,1597,1195,1885,2499,441,443,71.330000,1781,1876,
15:21:46,59.290000,377,1250,2041,2499,1600,1195,1886,2499,441,442,71.270000,1784,1880,
15:21:49,59.340000,377,1251,2039,2499,1596,1194,1886,2499,441,443,71.270000,1784,1880,
15:21:50,59.340000,376,1251,2037,2499,1596,1196,1893,2499,442,443,71.220000,1784,1880,
15:21:53,59.290000,377,1251,2037,2499,1600,1195,1888,2499,441,442,71.220000,1784,1880,
15:21:54,59.290000,377,1251,2037,2499,1600,1195,1885,2499,441,444,71.160000,1784,1880,
15:21:57,59.290000,377,1251,2038,2499,1596,1195,1886,2499,441,441,71.160000,1788,1883,
15:21:59,59.290000,377,1251,2038,2499,1600,1194,1886,2499,441,443,71.100000,1788,1883,
15:22:01,59.290000,377,1251,2029,2499,1596,1193,1888,2499,441,443,71.040000,1788,1883,
15:22:02,59.290000,377,1251,2035,2499,1599,1194,1890,2499,440,443,71.040000,1788,1883,
15:22:05,59.290000,377,1251,2030,2499,1597,1192,1887,2499,441,444,71.040000,1791,1886,
15:22:07,59.250000,377,1251,2020,2499,1601,1194,1886,2499,440,443,70.980000,1791,1886,
15:22:09,59.290000,377,1251,2034,2499,1599,1193,1885,2499,441,442,70.920000,1791,1886,
15:22:11,59.250000,377,1251,2022,2499,1600,1194,1885,2499,440,442,70.920000,1791,1886,
